solid exported
	facet normal -1 0 0
		outer loop
			vertex -49.075592041015625 8 51.738792419433594
			vertex -49.075592041015625 8 -30.511207580566406
			vertex -49.075592041015625 0 -30.511207580566406
		endloop
	endfacet
	facet normal -1 0 0
		outer loop
			vertex -49.075592041015625 8 51.738792419433594
			vertex -49.075592041015625 0 -30.511207580566406
			vertex -49.075592041015625 0 51.738792419433594
		endloop
	endfacet
	facet normal 1 0 0
		outer loop
			vertex -39.075592041015625 8 -20.511207580566406
			vertex -39.075592041015625 8 41.738792419433594
			vertex -39.075592041015625 3 41.738792419433594
		endloop
	endfacet
	facet normal 1 0 0
		outer loop
			vertex -39.075592041015625 8 -20.511207580566406
			vertex -39.075592041015625 3 41.738792419433594
			vertex -39.075592041015625 3 -20.511207580566406
		endloop
	endfacet
	facet normal 0 0 -1
		outer loop
			vertex -39.075592041015625 8 41.738792419433594
			vertex 18.674409866333008 8 41.738792419433594
			vertex 18.674409866333008 3 41.738792419433594
		endloop
	endfacet
	facet normal 0 0 -1
		outer loop
			vertex -39.075592041015625 8 41.738792419433594
			vertex 18.674409866333008 3 41.738792419433594
			vertex -39.075592041015625 3 41.738792419433594
		endloop
	endfacet
	facet normal 0 -1 0
		outer loop
			vertex -44.89928436279297 0 47.9321174621582
			vertex -49.075592041015625 0 51.738792419433594
			vertex -45.16093063354492 0 47.700321197509766
		endloop
	endfacet
	facet normal 0 -1 0
		outer loop
			vertex -45.359500885009766 0 47.41263961791992
			vertex -45.16093063354492 0 47.700321197509766
			vertex -49.075592041015625 0 51.738792419433594
		endloop
	endfacet
	facet normal 0 -1 0
		outer loop
			vertex -44.58976745605469 0 48.094566345214844
			vertex -49.075592041015625 0 51.738792419433594
			vertex -44.89928436279297 0 47.9321174621582
		endloop
	endfacet
	facet normal 0 -1 0
		outer loop
			vertex -45.483455657958984 0 47.08580017089844
			vertex -45.359500885009766 0 47.41263961791992
			vertex -49.075592041015625 0 51.738792419433594
		endloop
	endfacet
	facet normal 0 -1 0
		outer loop
			vertex -44.250370025634766 0 48.178218841552734
			vertex -49.075592041015625 0 51.738792419433594
			vertex -44.58976745605469 0 48.094566345214844
		endloop
	endfacet
	facet normal 0 -1 0
		outer loop
			vertex -45.52558898925781 0 46.738792419433594
			vertex -45.483455657958984 0 47.08580017089844
			vertex -49.075592041015625 0 51.738792419433594
		endloop
	endfacet
	facet normal 0 -1 0
		outer loop
			vertex -43.900814056396484 0 48.178218841552734
			vertex -49.075592041015625 0 51.738792419433594
			vertex -44.250370025634766 0 48.178218841552734
		endloop
	endfacet
	facet normal 0 -1 0
		outer loop
			vertex -45.483455657958984 0 46.39178466796875
			vertex -45.52558898925781 0 46.738792419433594
			vertex -49.075592041015625 0 51.738792419433594
		endloop
	endfacet
	facet normal 0 -1 0
		outer loop
			vertex -43.5614128112793 0 48.094566345214844
			vertex -49.075592041015625 0 51.738792419433594
			vertex -43.900814056396484 0 48.178218841552734
		endloop
	endfacet
	facet normal 0 -1 0
		outer loop
			vertex -45.359500885009766 0 46.064945220947266
			vertex -45.483455657958984 0 46.39178466796875
			vertex -49.075592041015625 0 51.738792419433594
		endloop
	endfacet
	facet normal 0 -1 0
		outer loop
			vertex -43.251895904541016 0 47.9321174621582
			vertex -49.075592041015625 0 51.738792419433594
			vertex -43.5614128112793 0 48.094566345214844
		endloop
	endfacet
	facet normal 0 -1 0
		outer loop
			vertex 22.85071563720703 0 47.9321174621582
			vertex -49.075592041015625 0 51.738792419433594
			vertex -43.251895904541016 0 47.9321174621582
		endloop
	endfacet
	facet normal 0 -1 0
		outer loop
			vertex 22.85071563720703 0 47.9321174621582
			vertex -42.99024963378906 0 47.700321197509766
			vertex 22.589069366455078 0 47.700321197509766
		endloop
	endfacet
	facet normal 0 -1 0
		outer loop
			vertex 22.85071563720703 0 47.9321174621582
			vertex -43.251895904541016 0 47.9321174621582
			vertex -42.99024963378906 0 47.700321197509766
		endloop
	endfacet
	facet normal 0 -1 0
		outer loop
			vertex 22.3904972076416 0 47.41263961791992
			vertex 22.589069366455078 0 47.700321197509766
			vertex -42.99024963378906 0 47.700321197509766
		endloop
	endfacet
	facet normal 0 -1 0
		outer loop
			vertex 22.3904972076416 0 47.41263961791992
			vertex -42.99024963378906 0 47.700321197509766
			vertex -42.79167938232422 0 47.41263961791992
		endloop
	endfacet
	facet normal 0 -1 0
		outer loop
			vertex 22.266544342041016 0 47.08580017089844
			vertex 22.3904972076416 0 47.41263961791992
			vertex -42.79167938232422 0 47.41263961791992
		endloop
	endfacet
	facet normal 0 -1 0
		outer loop
			vertex 22.266544342041016 0 47.08580017089844
			vertex -42.79167938232422 0 47.41263961791992
			vertex -42.667724609375 0 47.08580017089844
		endloop
	endfacet
	facet normal 0 -1 0
		outer loop
			vertex 22.224409103393555 0 46.738792419433594
			vertex 22.266544342041016 0 47.08580017089844
			vertex -42.667724609375 0 47.08580017089844
		endloop
	endfacet
	facet normal 0 -1 0
		outer loop
			vertex 22.224409103393555 0 46.738792419433594
			vertex -42.62559127807617 0 46.738792419433594
			vertex -42.667724609375 0 46.39178466796875
		endloop
	endfacet
	facet normal 0 -1 0
		outer loop
			vertex 22.224409103393555 0 46.738792419433594
			vertex -42.667724609375 0 47.08580017089844
			vertex -42.62559127807617 0 46.738792419433594
		endloop
	endfacet
	facet normal 0 -1 0
		outer loop
			vertex 22.266544342041016 0 46.39178466796875
			vertex 22.224409103393555 0 46.738792419433594
			vertex -42.667724609375 0 46.39178466796875
		endloop
	endfacet
	facet normal 0 -1 0
		outer loop
			vertex 22.3904972076416 0 46.064945220947266
			vertex 22.266544342041016 0 46.39178466796875
			vertex -42.667724609375 0 46.39178466796875
		endloop
	endfacet
	facet normal 0 -1 0
		outer loop
			vertex 22.3904972076416 0 46.064945220947266
			vertex -42.667724609375 0 46.39178466796875
			vertex -42.79167938232422 0 46.064945220947266
		endloop
	endfacet
	facet normal 0 -1 0
		outer loop
			vertex 22.589069366455078 0 45.77726364135742
			vertex 22.3904972076416 0 46.064945220947266
			vertex -42.79167938232422 0 46.064945220947266
		endloop
	endfacet
	facet normal 0 -1 0
		outer loop
			vertex 22.589069366455078 0 45.77726364135742
			vertex -42.79167938232422 0 46.064945220947266
			vertex -42.99024963378906 0 45.77726364135742
		endloop
	endfacet
	facet normal 0 -1 0
		outer loop
			vertex 28.674409866333008 0 51.738792419433594
			vertex 24.188587188720703 0 48.094566345214844
			vertex 24.49810218811035 0 47.9321174621582
		endloop
	endfacet
	facet normal 0 -1 0
		outer loop
			vertex 28.674409866333008 0 51.738792419433594
			vertex 23.84918785095215 0 48.178218841552734
			vertex 24.188587188720703 0 48.094566345214844
		endloop
	endfacet
	facet normal 0 -1 0
		outer loop
			vertex 28.674409866333008 0 51.738792419433594
			vertex 23.499631881713867 0 48.178218841552734
			vertex 23.84918785095215 0 48.178218841552734
		endloop
	endfacet
	facet normal 0 -1 0
		outer loop
			vertex 28.674409866333008 0 51.738792419433594
			vertex 23.160232543945312 0 48.094566345214844
			vertex 23.499631881713867 0 48.178218841552734
		endloop
	endfacet
	facet normal 0 -1 0
		outer loop
			vertex 28.674409866333008 0 51.738792419433594
			vertex 22.85071563720703 0 47.9321174621582
			vertex 23.160232543945312 0 48.094566345214844
		endloop
	endfacet
	facet normal 0 -1 0
		outer loop
			vertex 28.674409866333008 0 51.738792419433594
			vertex -49.075592041015625 0 51.738792419433594
			vertex 22.85071563720703 0 47.9321174621582
		endloop
	endfacet
	facet normal 0 -1 0
		outer loop
			vertex 24.759750366210938 0 47.700321197509766
			vertex 28.674409866333008 0 51.738792419433594
			vertex 24.49810218811035 0 47.9321174621582
		endloop
	endfacet
	facet normal 0 -1 0
		outer loop
			vertex 24.95832061767578 0 47.41263961791992
			vertex 28.674409866333008 0 51.738792419433594
			vertex 24.759750366210938 0 47.700321197509766
		endloop
	endfacet
	facet normal 0 -1 0
		outer loop
			vertex 25.082275390625 0 47.08580017089844
			vertex 28.674409866333008 0 51.738792419433594
			vertex 24.95832061767578 0 47.41263961791992
		endloop
	endfacet
	facet normal 0 -1 0
		outer loop
			vertex 25.124408721923828 0 46.738792419433594
			vertex 28.674409866333008 0 51.738792419433594
			vertex 25.082275390625 0 47.08580017089844
		endloop
	endfacet
	facet normal 0 -1 0
		outer loop
			vertex 25.082275390625 0 46.39178466796875
			vertex 28.674409866333008 0 51.738792419433594
			vertex 25.124408721923828 0 46.738792419433594
		endloop
	endfacet
	facet normal 0 -1 0
		outer loop
			vertex 24.95832061767578 0 46.064945220947266
			vertex 28.674409866333008 0 51.738792419433594
			vertex 25.082275390625 0 46.39178466796875
		endloop
	endfacet
	facet normal 0 -1 0
		outer loop
			vertex -45.16093063354492 0 -24.549678802490234
			vertex -45.16093063354492 0 45.77726364135742
			vertex -45.359500885009766 0 46.064945220947266
		endloop
	endfacet
	facet normal 0 -1 0
		outer loop
			vertex -44.89928436279297 0 -24.317880630493164
			vertex -45.16093063354492 0 45.77726364135742
			vertex -45.16093063354492 0 -24.549678802490234
		endloop
	endfacet
	facet normal 0 -1 0
		outer loop
			vertex -44.89928436279297 0 -24.317880630493164
			vertex -44.89928436279297 0 45.545467376708984
			vertex -45.16093063354492 0 45.77726364135742
		endloop
	endfacet
	facet normal 0 -1 0
		outer loop
			vertex -45.359500885009766 0 -24.837358474731445
			vertex -45.16093063354492 0 -24.549678802490234
			vertex -45.359500885009766 0 46.064945220947266
		endloop
	endfacet
	facet normal 0 -1 0
		outer loop
			vertex -44.58976745605469 0 -24.155433654785156
			vertex -44.89928436279297 0 45.545467376708984
			vertex -44.89928436279297 0 -24.317880630493164
		endloop
	endfacet
	facet normal 0 -1 0
		outer loop
			vertex -44.58976745605469 0 -24.155433654785156
			vertex -44.58976745605469 0 45.383018493652344
			vertex -44.89928436279297 0 45.545467376708984
		endloop
	endfacet
	facet normal 0 -1 0
		outer loop
			vertex -44.250370025634766 0 -24.071779251098633
			vertex -44.250370025634766 0 45.29936599731445
			vertex -44.58976745605469 0 45.383018493652344
		endloop
	endfacet
	facet normal 0 -1 0
		outer loop
			vertex -44.250370025634766 0 -24.071779251098633
			vertex -44.58976745605469 0 45.383018493652344
			vertex -44.58976745605469 0 -24.155433654785156
		endloop
	endfacet
	facet normal 0 -1 0
		outer loop
			vertex -43.900814056396484 0 -24.071779251098633
			vertex -44.250370025634766 0 45.29936599731445
			vertex -44.250370025634766 0 -24.071779251098633
		endloop
	endfacet
	facet normal 0 -1 0
		outer loop
			vertex -43.900814056396484 0 -24.071779251098633
			vertex -43.900814056396484 0 45.29936599731445
			vertex -44.250370025634766 0 45.29936599731445
		endloop
	endfacet
	facet normal 0 -1 0
		outer loop
			vertex -43.5614128112793 0 -24.155433654785156
			vertex -43.5614128112793 0 45.383018493652344
			vertex -43.900814056396484 0 45.29936599731445
		endloop
	endfacet
	facet normal 0 -1 0
		outer loop
			vertex -43.5614128112793 0 -24.155433654785156
			vertex -43.900814056396484 0 45.29936599731445
			vertex -43.900814056396484 0 -24.071779251098633
		endloop
	endfacet
	facet normal 0 -1 0
		outer loop
			vertex -43.251895904541016 0 -24.317880630493164
			vertex -43.5614128112793 0 45.383018493652344
			vertex -43.5614128112793 0 -24.155433654785156
		endloop
	endfacet
	facet normal 0 -1 0
		outer loop
			vertex -43.251895904541016 0 -24.317880630493164
			vertex -43.251895904541016 0 45.545467376708984
			vertex -43.5614128112793 0 45.383018493652344
		endloop
	endfacet
	facet normal 0 -1 0
		outer loop
			vertex -49.075592041015625 0 -30.511207580566406
			vertex -45.359500885009766 0 46.064945220947266
			vertex -49.075592041015625 0 51.738792419433594
		endloop
	endfacet
	facet normal 0 -1 0
		outer loop
			vertex -49.075592041015625 0 -30.511207580566406
			vertex -45.359500885009766 0 -24.837358474731445
			vertex -45.359500885009766 0 46.064945220947266
		endloop
	endfacet
	facet normal 0 -1 0
		outer loop
			vertex -49.075592041015625 0 -30.511207580566406
			vertex -45.483455657958984 0 -25.85821533203125
			vertex -45.52558898925781 0 -25.511207580566406
		endloop
	endfacet
	facet normal 0 -1 0
		outer loop
			vertex -49.075592041015625 0 -30.511207580566406
			vertex -45.359500885009766 0 -26.185056686401367
			vertex -45.483455657958984 0 -25.85821533203125
		endloop
	endfacet
	facet normal 0 -1 0
		outer loop
			vertex -49.075592041015625 0 -30.511207580566406
			vertex -45.16093063354492 0 -26.472734451293945
			vertex -45.359500885009766 0 -26.185056686401367
		endloop
	endfacet
	facet normal 0 -1 0
		outer loop
			vertex -49.075592041015625 0 -30.511207580566406
			vertex -45.483455657958984 0 -25.164199829101562
			vertex -45.359500885009766 0 -24.837358474731445
		endloop
	endfacet
	facet normal 0 -1 0
		outer loop
			vertex -49.075592041015625 0 -30.511207580566406
			vertex -45.52558898925781 0 -25.511207580566406
			vertex -45.483455657958984 0 -25.164199829101562
		endloop
	endfacet
	facet normal 0 -1 0
		outer loop
			vertex -42.99024963378906 0 -24.549678802490234
			vertex -43.251895904541016 0 45.545467376708984
			vertex -43.251895904541016 0 -24.317880630493164
		endloop
	endfacet
	facet normal 0 -1 0
		outer loop
			vertex -42.99024963378906 0 -24.549678802490234
			vertex -42.99024963378906 0 45.77726364135742
			vertex -43.251895904541016 0 45.545467376708984
		endloop
	endfacet
	facet normal 0 -1 0
		outer loop
			vertex -44.89928436279297 0 -26.70453453063965
			vertex -45.16093063354492 0 -26.472734451293945
			vertex -49.075592041015625 0 -30.511207580566406
		endloop
	endfacet
	facet normal 0 -1 0
		outer loop
			vertex -44.58976745605469 0 -26.866981506347656
			vertex -44.89928436279297 0 -26.70453453063965
			vertex -49.075592041015625 0 -30.511207580566406
		endloop
	endfacet
	facet normal 0 -1 0
		outer loop
			vertex -44.250370025634766 0 -26.95063591003418
			vertex -44.58976745605469 0 -26.866981506347656
			vertex -49.075592041015625 0 -30.511207580566406
		endloop
	endfacet
	facet normal 0 -1 0
		outer loop
			vertex -43.900814056396484 0 -26.95063591003418
			vertex -44.250370025634766 0 -26.95063591003418
			vertex -49.075592041015625 0 -30.511207580566406
		endloop
	endfacet
	facet normal 0 -1 0
		outer loop
			vertex -43.5614128112793 0 -26.866981506347656
			vertex -43.900814056396484 0 -26.95063591003418
			vertex -49.075592041015625 0 -30.511207580566406
		endloop
	endfacet
	facet normal 0 -1 0
		outer loop
			vertex -43.251895904541016 0 -26.70453453063965
			vertex -43.5614128112793 0 -26.866981506347656
			vertex -49.075592041015625 0 -30.511207580566406
		endloop
	endfacet
	facet normal 0 -1 0
		outer loop
			vertex 22.589069366455078 0 -24.549678802490234
			vertex -42.99024963378906 0 45.77726364135742
			vertex -42.99024963378906 0 -24.549678802490234
		endloop
	endfacet
	facet normal 0 -1 0
		outer loop
			vertex 22.589069366455078 0 -24.549678802490234
			vertex 22.589069366455078 0 45.77726364135742
			vertex -42.99024963378906 0 45.77726364135742
		endloop
	endfacet
	facet normal 0 -1 0
		outer loop
			vertex 22.85071563720703 0 -24.317880630493164
			vertex 22.589069366455078 0 45.77726364135742
			vertex 22.589069366455078 0 -24.549678802490234
		endloop
	endfacet
	facet normal 0 -1 0
		outer loop
			vertex 22.85071563720703 0 -24.317880630493164
			vertex 22.85071563720703 0 45.545467376708984
			vertex 22.589069366455078 0 45.77726364135742
		endloop
	endfacet
	facet normal 0 -1 0
		outer loop
			vertex 22.3904972076416 0 -24.837358474731445
			vertex 22.589069366455078 0 -24.549678802490234
			vertex -42.99024963378906 0 -24.549678802490234
		endloop
	endfacet
	facet normal 0 -1 0
		outer loop
			vertex 22.3904972076416 0 -24.837358474731445
			vertex -42.99024963378906 0 -24.549678802490234
			vertex -42.79167938232422 0 -24.837358474731445
		endloop
	endfacet
	facet normal 0 -1 0
		outer loop
			vertex 23.160232543945312 0 -24.155433654785156
			vertex 22.85071563720703 0 45.545467376708984
			vertex 22.85071563720703 0 -24.317880630493164
		endloop
	endfacet
	facet normal 0 -1 0
		outer loop
			vertex 23.160232543945312 0 -24.155433654785156
			vertex 23.160232543945312 0 45.383018493652344
			vertex 22.85071563720703 0 45.545467376708984
		endloop
	endfacet
	facet normal 0 -1 0
		outer loop
			vertex 23.160232543945312 0 -24.155433654785156
			vertex 23.499631881713867 0 45.29936599731445
			vertex 23.160232543945312 0 45.383018493652344
		endloop
	endfacet
	facet normal 0 -1 0
		outer loop
			vertex 22.266544342041016 0 -25.164199829101562
			vertex -42.79167938232422 0 -24.837358474731445
			vertex -42.667724609375 0 -25.164199829101562
		endloop
	endfacet
	facet normal 0 -1 0
		outer loop
			vertex 22.266544342041016 0 -25.164199829101562
			vertex 22.3904972076416 0 -24.837358474731445
			vertex -42.79167938232422 0 -24.837358474731445
		endloop
	endfacet
	facet normal 0 -1 0
		outer loop
			vertex 23.499631881713867 0 -24.071779251098633
			vertex 23.84918785095215 0 45.29936599731445
			vertex 23.499631881713867 0 45.29936599731445
		endloop
	endfacet
	facet normal 0 -1 0
		outer loop
			vertex 23.499631881713867 0 -24.071779251098633
			vertex 23.499631881713867 0 45.29936599731445
			vertex 23.160232543945312 0 -24.155433654785156
		endloop
	endfacet
	facet normal 0 -1 0
		outer loop
			vertex 22.224409103393555 0 -25.511207580566406
			vertex -42.62559127807617 0 -25.511207580566406
			vertex -42.667724609375 0 -25.85821533203125
		endloop
	endfacet
	facet normal 0 -1 0
		outer loop
			vertex 22.224409103393555 0 -25.511207580566406
			vertex -42.667724609375 0 -25.164199829101562
			vertex -42.62559127807617 0 -25.511207580566406
		endloop
	endfacet
	facet normal 0 -1 0
		outer loop
			vertex 22.224409103393555 0 -25.511207580566406
			vertex 22.266544342041016 0 -25.164199829101562
			vertex -42.667724609375 0 -25.164199829101562
		endloop
	endfacet
	facet normal 0 -1 0
		outer loop
			vertex 23.84918785095215 0 -24.071779251098633
			vertex 23.84918785095215 0 45.29936599731445
			vertex 23.499631881713867 0 -24.071779251098633
		endloop
	endfacet
	facet normal 0 -1 0
		outer loop
			vertex 22.266544342041016 0 -25.85821533203125
			vertex 22.224409103393555 0 -25.511207580566406
			vertex -42.667724609375 0 -25.85821533203125
		endloop
	endfacet
	facet normal 0 -1 0
		outer loop
			vertex 22.266544342041016 0 -25.85821533203125
			vertex -42.667724609375 0 -25.85821533203125
			vertex -42.79167938232422 0 -26.185056686401367
		endloop
	endfacet
	facet normal 0 -1 0
		outer loop
			vertex 24.188587188720703 0 -24.155433654785156
			vertex 24.188587188720703 0 45.383018493652344
			vertex 23.84918785095215 0 45.29936599731445
		endloop
	endfacet
	facet normal 0 -1 0
		outer loop
			vertex 24.188587188720703 0 -24.155433654785156
			vertex 24.49810218811035 0 45.545467376708984
			vertex 24.188587188720703 0 45.383018493652344
		endloop
	endfacet
	facet normal 0 -1 0
		outer loop
			vertex 24.188587188720703 0 -24.155433654785156
			vertex 23.84918785095215 0 45.29936599731445
			vertex 23.84918785095215 0 -24.071779251098633
		endloop
	endfacet
	facet normal 0 -1 0
		outer loop
			vertex 22.3904972076416 0 -26.185056686401367
			vertex 22.266544342041016 0 -25.85821533203125
			vertex -42.79167938232422 0 -26.185056686401367
		endloop
	endfacet
	facet normal 0 -1 0
		outer loop
			vertex 24.49810218811035 0 -24.317880630493164
			vertex 24.759750366210938 0 45.77726364135742
			vertex 24.49810218811035 0 45.545467376708984
		endloop
	endfacet
	facet normal 0 -1 0
		outer loop
			vertex 24.49810218811035 0 -24.317880630493164
			vertex 24.49810218811035 0 45.545467376708984
			vertex 24.188587188720703 0 -24.155433654785156
		endloop
	endfacet
	facet normal 0 -1 0
		outer loop
			vertex 22.589069366455078 0 -26.472734451293945
			vertex -42.79167938232422 0 -26.185056686401367
			vertex -42.99024963378906 0 -26.472734451293945
		endloop
	endfacet
	facet normal 0 -1 0
		outer loop
			vertex 22.589069366455078 0 -26.472734451293945
			vertex 22.3904972076416 0 -26.185056686401367
			vertex -42.79167938232422 0 -26.185056686401367
		endloop
	endfacet
	facet normal 0 -1 0
		outer loop
			vertex 24.759750366210938 0 -24.549678802490234
			vertex 24.759750366210938 0 45.77726364135742
			vertex 24.49810218811035 0 -24.317880630493164
		endloop
	endfacet
	facet normal 0 -1 0
		outer loop
			vertex 24.95832061767578 0 -24.837358474731445
			vertex 24.95832061767578 0 46.064945220947266
			vertex 24.759750366210938 0 45.77726364135742
		endloop
	endfacet
	facet normal 0 -1 0
		outer loop
			vertex 24.95832061767578 0 -24.837358474731445
			vertex 24.759750366210938 0 45.77726364135742
			vertex 24.759750366210938 0 -24.549678802490234
		endloop
	endfacet
	facet normal 0 -1 0
		outer loop
			vertex 28.674409866333008 0 -30.511207580566406
			vertex 24.95832061767578 0 46.064945220947266
			vertex 24.95832061767578 0 -24.837358474731445
		endloop
	endfacet
	facet normal 0 -1 0
		outer loop
			vertex 28.674409866333008 0 -30.511207580566406
			vertex 23.160232543945312 0 -26.866981506347656
			vertex 22.85071563720703 0 -26.70453453063965
		endloop
	endfacet
	facet normal 0 -1 0
		outer loop
			vertex 28.674409866333008 0 -30.511207580566406
			vertex 23.499631881713867 0 -26.95063591003418
			vertex 23.160232543945312 0 -26.866981506347656
		endloop
	endfacet
	facet normal 0 -1 0
		outer loop
			vertex 28.674409866333008 0 -30.511207580566406
			vertex 23.84918785095215 0 -26.95063591003418
			vertex 23.499631881713867 0 -26.95063591003418
		endloop
	endfacet
	facet normal 0 -1 0
		outer loop
			vertex 28.674409866333008 0 -30.511207580566406
			vertex 24.188587188720703 0 -26.866981506347656
			vertex 23.84918785095215 0 -26.95063591003418
		endloop
	endfacet
	facet normal 0 -1 0
		outer loop
			vertex 28.674409866333008 0 -30.511207580566406
			vertex 24.49810218811035 0 -26.70453453063965
			vertex 24.188587188720703 0 -26.866981506347656
		endloop
	endfacet
	facet normal 0 -1 0
		outer loop
			vertex 28.674409866333008 0 -30.511207580566406
			vertex 24.759750366210938 0 -26.472734451293945
			vertex 24.49810218811035 0 -26.70453453063965
		endloop
	endfacet
	facet normal 0 -1 0
		outer loop
			vertex 28.674409866333008 0 -30.511207580566406
			vertex 24.95832061767578 0 -26.185056686401367
			vertex 24.759750366210938 0 -26.472734451293945
		endloop
	endfacet
	facet normal 0 -1 0
		outer loop
			vertex 28.674409866333008 0 -30.511207580566406
			vertex 25.082275390625 0 -25.85821533203125
			vertex 24.95832061767578 0 -26.185056686401367
		endloop
	endfacet
	facet normal 0 -1 0
		outer loop
			vertex 28.674409866333008 0 -30.511207580566406
			vertex 25.124408721923828 0 -25.511207580566406
			vertex 25.082275390625 0 -25.85821533203125
		endloop
	endfacet
	facet normal 0 -1 0
		outer loop
			vertex 28.674409866333008 0 -30.511207580566406
			vertex 25.082275390625 0 -25.164199829101562
			vertex 25.124408721923828 0 -25.511207580566406
		endloop
	endfacet
	facet normal 0 -1 0
		outer loop
			vertex 28.674409866333008 0 -30.511207580566406
			vertex 24.95832061767578 0 -24.837358474731445
			vertex 25.082275390625 0 -25.164199829101562
		endloop
	endfacet
	facet normal 0 -1 0
		outer loop
			vertex 28.674409866333008 0 -30.511207580566406
			vertex 28.674409866333008 0 51.738792419433594
			vertex 24.95832061767578 0 46.064945220947266
		endloop
	endfacet
	facet normal 0 -1 0
		outer loop
			vertex 28.674409866333008 0 -30.511207580566406
			vertex -43.251895904541016 0 -26.70453453063965
			vertex -49.075592041015625 0 -30.511207580566406
		endloop
	endfacet
	facet normal 0 -1 0
		outer loop
			vertex 28.674409866333008 0 -30.511207580566406
			vertex -42.99024963378906 0 -26.472734451293945
			vertex -43.251895904541016 0 -26.70453453063965
		endloop
	endfacet
	facet normal 0 -1 0
		outer loop
			vertex 28.674409866333008 0 -30.511207580566406
			vertex 22.85071563720703 0 -26.70453453063965
			vertex -42.99024963378906 0 -26.472734451293945
		endloop
	endfacet
	facet normal 0 -1 0
		outer loop
			vertex 22.85071563720703 0 -26.70453453063965
			vertex 22.589069366455078 0 -26.472734451293945
			vertex -42.99024963378906 0 -26.472734451293945
		endloop
	endfacet
	facet normal 0 1 0
		outer loop
			vertex -39.075592041015625 3 -20.511207580566406
			vertex -39.075592041015625 3 41.738792419433594
			vertex 18.674409866333008 3 41.738792419433594
		endloop
	endfacet
	facet normal 0 1 0
		outer loop
			vertex 18.674409866333008 3 -20.511207580566406
			vertex -39.075592041015625 3 -20.511207580566406
			vertex 18.674409866333008 3 41.738792419433594
		endloop
	endfacet
	facet normal 0.9927092294416823 0 -0.12053375370120023
		outer loop
			vertex -45.483455657958984 8 47.08580017089844
			vertex -45.52558898925781 0 46.738792419433594
			vertex -45.52558898925781 8 46.738792419433594
		endloop
	endfacet
	facet normal 0.9927092294416823 0 -0.12053375370120023
		outer loop
			vertex -45.483455657958984 8 47.08580017089844
			vertex -45.483455657958984 0 47.08580017089844
			vertex -45.52558898925781 0 46.738792419433594
		endloop
	endfacet
	facet normal 0.9350153693724613 0 -0.3546071897709912
		outer loop
			vertex -45.359500885009766 8 47.41263961791992
			vertex -45.359500885009766 0 47.41263961791992
			vertex -45.483455657958984 0 47.08580017089844
		endloop
	endfacet
	facet normal 0.9350153693724613 0 -0.3546071897709912
		outer loop
			vertex -45.359500885009766 8 47.41263961791992
			vertex -45.483455657958984 0 47.08580017089844
			vertex -45.483455657958984 8 47.08580017089844
		endloop
	endfacet
	facet normal 0.8229865480160622 0 -0.5680608609863964
		outer loop
			vertex -45.16093063354492 8 47.700321197509766
			vertex -45.16093063354492 0 47.700321197509766
			vertex -45.359500885009766 0 47.41263961791992
		endloop
	endfacet
	facet normal 0.8229865480160622 0 -0.5680608609863964
		outer loop
			vertex -45.16093063354492 8 47.700321197509766
			vertex -45.359500885009766 0 47.41263961791992
			vertex -45.359500885009766 8 47.41263961791992
		endloop
	endfacet
	facet normal 0.4647273862252215 0 -0.8854538138673717
		outer loop
			vertex -44.89928436279297 8 47.9321174621582
			vertex -44.58976745605469 0 48.094566345214844
			vertex -44.89928436279297 0 47.9321174621582
		endloop
	endfacet
	facet normal 0.6631192854180231 0 -0.7485137362177734
		outer loop
			vertex -44.89928436279297 8 47.9321174621582
			vertex -44.89928436279297 0 47.9321174621582
			vertex -45.16093063354492 0 47.700321197509766
		endloop
	endfacet
	facet normal 0.6631192854180231 0 -0.7485137362177734
		outer loop
			vertex -44.89928436279297 8 47.9321174621582
			vertex -45.16093063354492 0 47.700321197509766
			vertex -45.16093063354492 8 47.700321197509766
		endloop
	endfacet
	facet normal 0.4647273862252215 0 -0.8854538138673717
		outer loop
			vertex -44.58976745605469 8 48.094566345214844
			vertex -44.58976745605469 0 48.094566345214844
			vertex -44.89928436279297 8 47.9321174621582
		endloop
	endfacet
	facet normal 0.2393117347596475 0 -0.9709427859592593
		outer loop
			vertex -44.250370025634766 8 48.178218841552734
			vertex -44.250370025634766 0 48.178218841552734
			vertex -44.58976745605469 0 48.094566345214844
		endloop
	endfacet
	facet normal 0.2393117347596475 0 -0.9709427859592593
		outer loop
			vertex -44.250370025634766 8 48.178218841552734
			vertex -44.58976745605469 0 48.094566345214844
			vertex -44.58976745605469 8 48.094566345214844
		endloop
	endfacet
	facet normal 0 0 -1
		outer loop
			vertex -43.900814056396484 8 48.178218841552734
			vertex -43.900814056396484 0 48.178218841552734
			vertex -44.250370025634766 0 48.178218841552734
		endloop
	endfacet
	facet normal 0 0 -1
		outer loop
			vertex -43.900814056396484 8 48.178218841552734
			vertex -44.250370025634766 0 48.178218841552734
			vertex -44.250370025634766 8 48.178218841552734
		endloop
	endfacet
	facet normal -0.23930919905690867 0 -0.9709434109394537
		outer loop
			vertex -43.5614128112793 8 48.094566345214844
			vertex -43.5614128112793 0 48.094566345214844
			vertex -43.900814056396484 0 48.178218841552734
		endloop
	endfacet
	facet normal -0.23930919905690867 0 -0.9709434109394537
		outer loop
			vertex -43.5614128112793 8 48.094566345214844
			vertex -43.900814056396484 0 48.178218841552734
			vertex -43.900814056396484 8 48.178218841552734
		endloop
	endfacet
	facet normal -0.4647273862252215 0 -0.8854538138673717
		outer loop
			vertex -43.251895904541016 8 47.9321174621582
			vertex -43.251895904541016 0 47.9321174621582
			vertex -43.5614128112793 0 48.094566345214844
		endloop
	endfacet
	facet normal -0.4647273862252215 0 -0.8854538138673717
		outer loop
			vertex -43.251895904541016 8 47.9321174621582
			vertex -43.5614128112793 0 48.094566345214844
			vertex -43.5614128112793 8 48.094566345214844
		endloop
	endfacet
	facet normal -0.6631192854180231 0 -0.7485137362177734
		outer loop
			vertex -42.99024963378906 8 47.700321197509766
			vertex -42.99024963378906 0 47.700321197509766
			vertex -43.251895904541016 0 47.9321174621582
		endloop
	endfacet
	facet normal -0.6631192854180231 0 -0.7485137362177734
		outer loop
			vertex -42.99024963378906 8 47.700321197509766
			vertex -43.251895904541016 0 47.9321174621582
			vertex -43.251895904541016 8 47.9321174621582
		endloop
	endfacet
	facet normal -0.8229865480160622 0 -0.5680608609863964
		outer loop
			vertex -42.79167938232422 8 47.41263961791992
			vertex -42.99024963378906 0 47.700321197509766
			vertex -42.99024963378906 8 47.700321197509766
		endloop
	endfacet
	facet normal -0.8229865480160622 0 -0.5680608609863964
		outer loop
			vertex -42.79167938232422 8 47.41263961791992
			vertex -42.79167938232422 0 47.41263961791992
			vertex -42.99024963378906 0 47.700321197509766
		endloop
	endfacet
	facet normal -0.9350153693724613 0 -0.3546071897709912
		outer loop
			vertex -42.667724609375 8 47.08580017089844
			vertex -42.79167938232422 0 47.41263961791992
			vertex -42.79167938232422 8 47.41263961791992
		endloop
	endfacet
	facet normal -0.9927092294416823 0 -0.12053375370120023
		outer loop
			vertex -42.667724609375 8 47.08580017089844
			vertex -42.62559127807617 0 46.738792419433594
			vertex -42.667724609375 0 47.08580017089844
		endloop
	endfacet
	facet normal -0.9350153693724613 0 -0.3546071897709912
		outer loop
			vertex -42.667724609375 8 47.08580017089844
			vertex -42.667724609375 0 47.08580017089844
			vertex -42.79167938232422 0 47.41263961791992
		endloop
	endfacet
	facet normal -0.9927092294416823 0 -0.12053375370120023
		outer loop
			vertex -42.62559127807617 8 46.738792419433594
			vertex -42.62559127807617 0 46.738792419433594
			vertex -42.667724609375 8 47.08580017089844
		endloop
	endfacet
	facet normal -0.9927092294416823 0 0.12053375370120023
		outer loop
			vertex -42.62559127807617 8 46.738792419433594
			vertex -42.667724609375 0 46.39178466796875
			vertex -42.62559127807617 0 46.738792419433594
		endloop
	endfacet
	facet normal -0.9927092294416823 0 0.12053375370120023
		outer loop
			vertex -42.667724609375 8 46.39178466796875
			vertex -42.667724609375 0 46.39178466796875
			vertex -42.62559127807617 8 46.738792419433594
		endloop
	endfacet
	facet normal -0.8229865480160622 0 0.5680608609863964
		outer loop
			vertex -42.79167938232422 8 46.064945220947266
			vertex -42.99024963378906 0 45.77726364135742
			vertex -42.79167938232422 0 46.064945220947266
		endloop
	endfacet
	facet normal -0.9350153693724613 0 0.3546071897709912
		outer loop
			vertex -42.79167938232422 8 46.064945220947266
			vertex -42.79167938232422 0 46.064945220947266
			vertex -42.667724609375 0 46.39178466796875
		endloop
	endfacet
	facet normal -0.9350153693724613 0 0.3546071897709912
		outer loop
			vertex -42.79167938232422 8 46.064945220947266
			vertex -42.667724609375 0 46.39178466796875
			vertex -42.667724609375 8 46.39178466796875
		endloop
	endfacet
	facet normal -0.8229865480160622 0 0.5680608609863964
		outer loop
			vertex -42.99024963378906 8 45.77726364135742
			vertex -42.99024963378906 0 45.77726364135742
			vertex -42.79167938232422 8 46.064945220947266
		endloop
	endfacet
	facet normal -0.4647273862252215 0 0.8854538138673717
		outer loop
			vertex -43.251895904541016 8 45.545467376708984
			vertex -43.5614128112793 0 45.383018493652344
			vertex -43.251895904541016 0 45.545467376708984
		endloop
	endfacet
	facet normal -0.6631192854180231 0 0.7485137362177734
		outer loop
			vertex -43.251895904541016 8 45.545467376708984
			vertex -43.251895904541016 0 45.545467376708984
			vertex -42.99024963378906 0 45.77726364135742
		endloop
	endfacet
	facet normal -0.6631192854180231 0 0.7485137362177734
		outer loop
			vertex -43.251895904541016 8 45.545467376708984
			vertex -42.99024963378906 0 45.77726364135742
			vertex -42.99024963378906 8 45.77726364135742
		endloop
	endfacet
	facet normal -0.23930919905690867 0 0.9709434109394537
		outer loop
			vertex -43.5614128112793 8 45.383018493652344
			vertex -43.900814056396484 0 45.29936599731445
			vertex -43.5614128112793 0 45.383018493652344
		endloop
	endfacet
	facet normal -0.4647273862252215 0 0.8854538138673717
		outer loop
			vertex -43.5614128112793 8 45.383018493652344
			vertex -43.5614128112793 0 45.383018493652344
			vertex -43.251895904541016 8 45.545467376708984
		endloop
	endfacet
	facet normal 0 0 1
		outer loop
			vertex -43.900814056396484 8 45.29936599731445
			vertex -44.250370025634766 0 45.29936599731445
			vertex -43.900814056396484 0 45.29936599731445
		endloop
	endfacet
	facet normal -0.23930919905690867 0 0.9709434109394537
		outer loop
			vertex -43.900814056396484 8 45.29936599731445
			vertex -43.900814056396484 0 45.29936599731445
			vertex -43.5614128112793 8 45.383018493652344
		endloop
	endfacet
	facet normal 0 0 1
		outer loop
			vertex -44.250370025634766 8 45.29936599731445
			vertex -44.250370025634766 0 45.29936599731445
			vertex -43.900814056396484 8 45.29936599731445
		endloop
	endfacet
	facet normal 0.4647273862252215 0 0.8854538138673717
		outer loop
			vertex -44.58976745605469 8 45.383018493652344
			vertex -44.89928436279297 0 45.545467376708984
			vertex -44.58976745605469 0 45.383018493652344
		endloop
	endfacet
	facet normal 0.2393117347596475 0 0.9709427859592593
		outer loop
			vertex -44.58976745605469 8 45.383018493652344
			vertex -44.58976745605469 0 45.383018493652344
			vertex -44.250370025634766 0 45.29936599731445
		endloop
	endfacet
	facet normal 0.2393117347596475 0 0.9709427859592593
		outer loop
			vertex -44.58976745605469 8 45.383018493652344
			vertex -44.250370025634766 0 45.29936599731445
			vertex -44.250370025634766 8 45.29936599731445
		endloop
	endfacet
	facet normal 0.4647273862252215 0 0.8854538138673717
		outer loop
			vertex -44.89928436279297 8 45.545467376708984
			vertex -44.89928436279297 0 45.545467376708984
			vertex -44.58976745605469 8 45.383018493652344
		endloop
	endfacet
	facet normal 0.6631192854180231 0 0.7485137362177734
		outer loop
			vertex -45.16093063354492 8 45.77726364135742
			vertex -45.16093063354492 0 45.77726364135742
			vertex -44.89928436279297 0 45.545467376708984
		endloop
	endfacet
	facet normal 0.6631192854180231 0 0.7485137362177734
		outer loop
			vertex -45.16093063354492 8 45.77726364135742
			vertex -44.89928436279297 0 45.545467376708984
			vertex -44.89928436279297 8 45.545467376708984
		endloop
	endfacet
	facet normal 0.8229865480160622 0 0.5680608609863964
		outer loop
			vertex -45.359500885009766 8 46.064945220947266
			vertex -45.359500885009766 0 46.064945220947266
			vertex -45.16093063354492 0 45.77726364135742
		endloop
	endfacet
	facet normal 0.8229865480160622 0 0.5680608609863964
		outer loop
			vertex -45.359500885009766 8 46.064945220947266
			vertex -45.16093063354492 0 45.77726364135742
			vertex -45.16093063354492 8 45.77726364135742
		endloop
	endfacet
	facet normal 0.9350153693724613 0 0.3546071897709912
		outer loop
			vertex -45.483455657958984 8 46.39178466796875
			vertex -45.483455657958984 0 46.39178466796875
			vertex -45.359500885009766 0 46.064945220947266
		endloop
	endfacet
	facet normal 0.9350153693724613 0 0.3546071897709912
		outer loop
			vertex -45.483455657958984 8 46.39178466796875
			vertex -45.359500885009766 0 46.064945220947266
			vertex -45.359500885009766 8 46.064945220947266
		endloop
	endfacet
	facet normal 0.9927092294416823 0 0.12053375370120023
		outer loop
			vertex -45.52558898925781 8 46.738792419433594
			vertex -45.52558898925781 0 46.738792419433594
			vertex -45.483455657958984 0 46.39178466796875
		endloop
	endfacet
	facet normal 0.9927092294416823 0 0.12053375370120023
		outer loop
			vertex -45.52558898925781 8 46.738792419433594
			vertex -45.483455657958984 0 46.39178466796875
			vertex -45.483455657958984 8 46.39178466796875
		endloop
	endfacet
	facet normal 0.9927092294416823 0 -0.12053375370120023
		outer loop
			vertex -45.483455657958984 8 -25.164199829101562
			vertex -45.52558898925781 0 -25.511207580566406
			vertex -45.52558898925781 8 -25.511207580566406
		endloop
	endfacet
	facet normal 0.9927092294416823 0 -0.12053375370120023
		outer loop
			vertex -45.483455657958984 8 -25.164199829101562
			vertex -45.483455657958984 0 -25.164199829101562
			vertex -45.52558898925781 0 -25.511207580566406
		endloop
	endfacet
	facet normal 0.9350160555019976 0 -0.35460538060425084
		outer loop
			vertex -45.359500885009766 8 -24.837358474731445
			vertex -45.359500885009766 0 -24.837358474731445
			vertex -45.483455657958984 0 -25.164199829101562
		endloop
	endfacet
	facet normal 0.9350160555019976 0 -0.35460538060425084
		outer loop
			vertex -45.359500885009766 8 -24.837358474731445
			vertex -45.483455657958984 0 -25.164199829101562
			vertex -45.483455657958984 8 -25.164199829101562
		endloop
	endfacet
	facet normal 0.8229847872428391 0 -0.5680634119241084
		outer loop
			vertex -45.16093063354492 8 -24.549678802490234
			vertex -45.16093063354492 0 -24.549678802490234
			vertex -45.359500885009766 0 -24.837358474731445
		endloop
	endfacet
	facet normal 0.8229847872428391 0 -0.5680634119241084
		outer loop
			vertex -45.16093063354492 8 -24.549678802490234
			vertex -45.359500885009766 0 -24.837358474731445
			vertex -45.359500885009766 8 -24.837358474731445
		endloop
	endfacet
	facet normal 0.46472310818270407 0 -0.8854560591700793
		outer loop
			vertex -44.89928436279297 8 -24.317880630493164
			vertex -44.58976745605469 0 -24.155433654785156
			vertex -44.89928436279297 0 -24.317880630493164
		endloop
	endfacet
	facet normal 0.6631223425381201 0 -0.7485110278591466
		outer loop
			vertex -44.89928436279297 8 -24.317880630493164
			vertex -44.89928436279297 0 -24.317880630493164
			vertex -45.16093063354492 0 -24.549678802490234
		endloop
	endfacet
	facet normal 0.6631223425381201 0 -0.7485110278591466
		outer loop
			vertex -44.89928436279297 8 -24.317880630493164
			vertex -45.16093063354492 0 -24.549678802490234
			vertex -45.16093063354492 8 -24.549678802490234
		endloop
	endfacet
	facet normal 0.46472310818270407 0 -0.8854560591700793
		outer loop
			vertex -44.58976745605469 8 -24.155433654785156
			vertex -44.58976745605469 0 -24.155433654785156
			vertex -44.89928436279297 8 -24.317880630493164
		endloop
	endfacet
	facet normal 0.23931687876722535 0 -0.9709415180828932
		outer loop
			vertex -44.250370025634766 8 -24.071779251098633
			vertex -44.250370025634766 0 -24.071779251098633
			vertex -44.58976745605469 0 -24.155433654785156
		endloop
	endfacet
	facet normal 0.23931687876722535 0 -0.9709415180828932
		outer loop
			vertex -44.250370025634766 8 -24.071779251098633
			vertex -44.58976745605469 0 -24.155433654785156
			vertex -44.58976745605469 8 -24.155433654785156
		endloop
	endfacet
	facet normal 0 0 -1
		outer loop
			vertex -43.900814056396484 8 -24.071779251098633
			vertex -43.900814056396484 0 -24.071779251098633
			vertex -44.250370025634766 0 -24.071779251098633
		endloop
	endfacet
	facet normal 0 0 -1
		outer loop
			vertex -43.900814056396484 8 -24.071779251098633
			vertex -44.250370025634766 0 -24.071779251098633
			vertex -44.250370025634766 8 -24.071779251098633
		endloop
	endfacet
	facet normal -0.23931434301660398 0 -0.9709421430891397
		outer loop
			vertex -43.5614128112793 8 -24.155433654785156
			vertex -43.5614128112793 0 -24.155433654785156
			vertex -43.900814056396484 0 -24.071779251098633
		endloop
	endfacet
	facet normal -0.23931434301660398 0 -0.9709421430891397
		outer loop
			vertex -43.5614128112793 8 -24.155433654785156
			vertex -43.900814056396484 0 -24.071779251098633
			vertex -43.900814056396484 8 -24.071779251098633
		endloop
	endfacet
	facet normal -0.46472310818270407 0 -0.8854560591700793
		outer loop
			vertex -43.251895904541016 8 -24.317880630493164
			vertex -43.251895904541016 0 -24.317880630493164
			vertex -43.5614128112793 0 -24.155433654785156
		endloop
	endfacet
	facet normal -0.46472310818270407 0 -0.8854560591700793
		outer loop
			vertex -43.251895904541016 8 -24.317880630493164
			vertex -43.5614128112793 0 -24.155433654785156
			vertex -43.5614128112793 8 -24.155433654785156
		endloop
	endfacet
	facet normal -0.6631223425381201 0 -0.7485110278591466
		outer loop
			vertex -42.99024963378906 8 -24.549678802490234
			vertex -42.99024963378906 0 -24.549678802490234
			vertex -43.251895904541016 0 -24.317880630493164
		endloop
	endfacet
	facet normal -0.6631223425381201 0 -0.7485110278591466
		outer loop
			vertex -42.99024963378906 8 -24.549678802490234
			vertex -43.251895904541016 0 -24.317880630493164
			vertex -43.251895904541016 8 -24.317880630493164
		endloop
	endfacet
	facet normal -0.8229847872428391 0 -0.5680634119241084
		outer loop
			vertex -42.79167938232422 8 -24.837358474731445
			vertex -42.99024963378906 0 -24.549678802490234
			vertex -42.99024963378906 8 -24.549678802490234
		endloop
	endfacet
	facet normal -0.8229847872428391 0 -0.5680634119241084
		outer loop
			vertex -42.79167938232422 8 -24.837358474731445
			vertex -42.79167938232422 0 -24.837358474731445
			vertex -42.99024963378906 0 -24.549678802490234
		endloop
	endfacet
	facet normal -0.9350160555019976 0 -0.35460538060425084
		outer loop
			vertex -42.667724609375 8 -25.164199829101562
			vertex -42.79167938232422 0 -24.837358474731445
			vertex -42.79167938232422 8 -24.837358474731445
		endloop
	endfacet
	facet normal -0.9927092294416823 0 -0.12053375370120023
		outer loop
			vertex -42.667724609375 8 -25.164199829101562
			vertex -42.62559127807617 0 -25.511207580566406
			vertex -42.667724609375 0 -25.164199829101562
		endloop
	endfacet
	facet normal -0.9350160555019976 0 -0.35460538060425084
		outer loop
			vertex -42.667724609375 8 -25.164199829101562
			vertex -42.667724609375 0 -25.164199829101562
			vertex -42.79167938232422 0 -24.837358474731445
		endloop
	endfacet
	facet normal -0.9927092294416823 0 -0.12053375370120023
		outer loop
			vertex -42.62559127807617 8 -25.511207580566406
			vertex -42.62559127807617 0 -25.511207580566406
			vertex -42.667724609375 8 -25.164199829101562
		endloop
	endfacet
	facet normal -0.9927092294416823 0 0.12053375370120023
		outer loop
			vertex -42.62559127807617 8 -25.511207580566406
			vertex -42.667724609375 0 -25.85821533203125
			vertex -42.62559127807617 0 -25.511207580566406
		endloop
	endfacet
	facet normal -0.9927092294416823 0 0.12053375370120023
		outer loop
			vertex -42.667724609375 8 -25.85821533203125
			vertex -42.667724609375 0 -25.85821533203125
			vertex -42.62559127807617 8 -25.511207580566406
		endloop
	endfacet
	facet normal -0.822983026445895 0 0.568065962879273
		outer loop
			vertex -42.79167938232422 8 -26.185056686401367
			vertex -42.99024963378906 0 -26.472734451293945
			vertex -42.79167938232422 0 -26.185056686401367
		endloop
	endfacet
	facet normal -0.9350160555019976 0 0.35460538060425084
		outer loop
			vertex -42.79167938232422 8 -26.185056686401367
			vertex -42.79167938232422 0 -26.185056686401367
			vertex -42.667724609375 0 -25.85821533203125
		endloop
	endfacet
	facet normal -0.9350160555019976 0 0.35460538060425084
		outer loop
			vertex -42.79167938232422 8 -26.185056686401367
			vertex -42.667724609375 0 -25.85821533203125
			vertex -42.667724609375 8 -25.85821533203125
		endloop
	endfacet
	facet normal -0.822983026445895 0 0.568065962879273
		outer loop
			vertex -42.99024963378906 8 -26.472734451293945
			vertex -42.99024963378906 0 -26.472734451293945
			vertex -42.79167938232422 8 -26.185056686401367
		endloop
	endfacet
	facet normal -0.46472310818270407 0 0.8854560591700793
		outer loop
			vertex -43.251895904541016 8 -26.70453453063965
			vertex -43.5614128112793 0 -26.866981506347656
			vertex -43.251895904541016 0 -26.70453453063965
		endloop
	endfacet
	facet normal -0.6631253996250323 0 0.7485083195076333
		outer loop
			vertex -43.251895904541016 8 -26.70453453063965
			vertex -43.251895904541016 0 -26.70453453063965
			vertex -42.99024963378906 0 -26.472734451293945
		endloop
	endfacet
	facet normal -0.6631253996250323 0 0.7485083195076333
		outer loop
			vertex -43.251895904541016 8 -26.70453453063965
			vertex -42.99024963378906 0 -26.472734451293945
			vertex -42.99024963378906 8 -26.472734451293945
		endloop
	endfacet
	facet normal -0.23931434301660398 0 0.9709421430891397
		outer loop
			vertex -43.5614128112793 8 -26.866981506347656
			vertex -43.900814056396484 0 -26.95063591003418
			vertex -43.5614128112793 0 -26.866981506347656
		endloop
	endfacet
	facet normal -0.46472310818270407 0 0.8854560591700793
		outer loop
			vertex -43.5614128112793 8 -26.866981506347656
			vertex -43.5614128112793 0 -26.866981506347656
			vertex -43.251895904541016 8 -26.70453453063965
		endloop
	endfacet
	facet normal 0 0 1
		outer loop
			vertex -43.900814056396484 8 -26.95063591003418
			vertex -44.250370025634766 0 -26.95063591003418
			vertex -43.900814056396484 0 -26.95063591003418
		endloop
	endfacet
	facet normal -0.23931434301660398 0 0.9709421430891397
		outer loop
			vertex -43.900814056396484 8 -26.95063591003418
			vertex -43.900814056396484 0 -26.95063591003418
			vertex -43.5614128112793 8 -26.866981506347656
		endloop
	endfacet
	facet normal 0 0 1
		outer loop
			vertex -44.250370025634766 8 -26.95063591003418
			vertex -44.250370025634766 0 -26.95063591003418
			vertex -43.900814056396484 8 -26.95063591003418
		endloop
	endfacet
	facet normal 0.46472310818270407 0 0.8854560591700793
		outer loop
			vertex -44.58976745605469 8 -26.866981506347656
			vertex -44.89928436279297 0 -26.70453453063965
			vertex -44.58976745605469 0 -26.866981506347656
		endloop
	endfacet
	facet normal 0.23931687876722535 0 0.9709415180828932
		outer loop
			vertex -44.58976745605469 8 -26.866981506347656
			vertex -44.58976745605469 0 -26.866981506347656
			vertex -44.250370025634766 0 -26.95063591003418
		endloop
	endfacet
	facet normal 0.23931687876722535 0 0.9709415180828932
		outer loop
			vertex -44.58976745605469 8 -26.866981506347656
			vertex -44.250370025634766 0 -26.95063591003418
			vertex -44.250370025634766 8 -26.95063591003418
		endloop
	endfacet
	facet normal 0.46472310818270407 0 0.8854560591700793
		outer loop
			vertex -44.89928436279297 8 -26.70453453063965
			vertex -44.89928436279297 0 -26.70453453063965
			vertex -44.58976745605469 8 -26.866981506347656
		endloop
	endfacet
	facet normal 0.6631253996250323 0 0.7485083195076333
		outer loop
			vertex -45.16093063354492 8 -26.472734451293945
			vertex -45.16093063354492 0 -26.472734451293945
			vertex -44.89928436279297 0 -26.70453453063965
		endloop
	endfacet
	facet normal 0.6631253996250323 0 0.7485083195076333
		outer loop
			vertex -45.16093063354492 8 -26.472734451293945
			vertex -44.89928436279297 0 -26.70453453063965
			vertex -44.89928436279297 8 -26.70453453063965
		endloop
	endfacet
	facet normal 0.822983026445895 0 0.568065962879273
		outer loop
			vertex -45.359500885009766 8 -26.185056686401367
			vertex -45.359500885009766 0 -26.185056686401367
			vertex -45.16093063354492 0 -26.472734451293945
		endloop
	endfacet
	facet normal 0.822983026445895 0 0.568065962879273
		outer loop
			vertex -45.359500885009766 8 -26.185056686401367
			vertex -45.16093063354492 0 -26.472734451293945
			vertex -45.16093063354492 8 -26.472734451293945
		endloop
	endfacet
	facet normal 0.9350160555019976 0 0.35460538060425084
		outer loop
			vertex -45.483455657958984 8 -25.85821533203125
			vertex -45.483455657958984 0 -25.85821533203125
			vertex -45.359500885009766 0 -26.185056686401367
		endloop
	endfacet
	facet normal 0.9350160555019976 0 0.35460538060425084
		outer loop
			vertex -45.483455657958984 8 -25.85821533203125
			vertex -45.359500885009766 0 -26.185056686401367
			vertex -45.359500885009766 8 -26.185056686401367
		endloop
	endfacet
	facet normal 0.9927092294416823 0 0.12053375370120023
		outer loop
			vertex -45.52558898925781 8 -25.511207580566406
			vertex -45.52558898925781 0 -25.511207580566406
			vertex -45.483455657958984 0 -25.85821533203125
		endloop
	endfacet
	facet normal 0.9927092294416823 0 0.12053375370120023
		outer loop
			vertex -45.52558898925781 8 -25.511207580566406
			vertex -45.483455657958984 0 -25.85821533203125
			vertex -45.483455657958984 8 -25.85821533203125
		endloop
	endfacet
	facet normal 0.9927085765320003 0 -0.12053913090697853
		outer loop
			vertex 22.266544342041016 8 47.08580017089844
			vertex 22.224409103393555 0 46.738792419433594
			vertex 22.224409103393555 8 46.738792419433594
		endloop
	endfacet
	facet normal 0.9927085765320003 0 -0.12053913090697853
		outer loop
			vertex 22.266544342041016 8 47.08580017089844
			vertex 22.266544342041016 0 47.08580017089844
			vertex 22.224409103393555 0 46.738792419433594
		endloop
	endfacet
	facet normal 0.9350171785390998 0 -0.3546024193893514
		outer loop
			vertex 22.3904972076416 8 47.41263961791992
			vertex 22.3904972076416 0 47.41263961791992
			vertex 22.266544342041016 0 47.08580017089844
		endloop
	endfacet
	facet normal 0.9350171785390998 0 -0.3546024193893514
		outer loop
			vertex 22.3904972076416 8 47.41263961791992
			vertex 22.266544342041016 0 47.08580017089844
			vertex 22.266544342041016 8 47.08580017089844
		endloop
	endfacet
	facet normal 0.8229839970866857 0 -0.5680645566651932
		outer loop
			vertex 22.589069366455078 8 47.700321197509766
			vertex 22.589069366455078 0 47.700321197509766
			vertex 22.3904972076416 0 47.41263961791992
		endloop
	endfacet
	facet normal 0.8229839970866857 0 -0.5680645566651932
		outer loop
			vertex 22.589069366455078 8 47.700321197509766
			vertex 22.3904972076416 0 47.41263961791992
			vertex 22.3904972076416 8 47.41263961791992
		endloop
	endfacet
	facet normal 0.4647273862252215 0 -0.8854538138673717
		outer loop
			vertex 22.85071563720703 8 47.9321174621582
			vertex 23.160232543945312 0 48.094566345214844
			vertex 22.85071563720703 0 47.9321174621582
		endloop
	endfacet
	facet normal 0.6631192854180231 0 -0.7485137362177734
		outer loop
			vertex 22.85071563720703 8 47.9321174621582
			vertex 22.85071563720703 0 47.9321174621582
			vertex 22.589069366455078 0 47.700321197509766
		endloop
	endfacet
	facet normal 0.6631192854180231 0 -0.7485137362177734
		outer loop
			vertex 22.85071563720703 8 47.9321174621582
			vertex 22.589069366455078 0 47.700321197509766
			vertex 22.589069366455078 8 47.700321197509766
		endloop
	endfacet
	facet normal 0.4647273862252215 0 -0.8854538138673717
		outer loop
			vertex 23.160232543945312 8 48.094566345214844
			vertex 23.160232543945312 0 48.094566345214844
			vertex 22.85071563720703 8 47.9321174621582
		endloop
	endfacet
	facet normal 0.23931046690176516 0 -0.9709430984518399
		outer loop
			vertex 23.499631881713867 8 48.178218841552734
			vertex 23.499631881713867 0 48.178218841552734
			vertex 23.160232543945312 0 48.094566345214844
		endloop
	endfacet
	facet normal 0.23931046690176516 0 -0.9709430984518399
		outer loop
			vertex 23.499631881713867 8 48.178218841552734
			vertex 23.160232543945312 0 48.094566345214844
			vertex 23.160232543945312 8 48.094566345214844
		endloop
	endfacet
	facet normal 0 0 -1
		outer loop
			vertex 23.84918785095215 8 48.178218841552734
			vertex 23.84918785095215 0 48.178218841552734
			vertex 23.499631881713867 0 48.178218841552734
		endloop
	endfacet
	facet normal 0 0 -1
		outer loop
			vertex 23.84918785095215 8 48.178218841552734
			vertex 23.499631881713867 0 48.178218841552734
			vertex 23.499631881713867 8 48.178218841552734
		endloop
	endfacet
	facet normal -0.23931046690176516 0 -0.9709430984518399
		outer loop
			vertex 24.188587188720703 8 48.094566345214844
			vertex 24.188587188720703 0 48.094566345214844
			vertex 23.84918785095215 0 48.178218841552734
		endloop
	endfacet
	facet normal -0.23931046690176516 0 -0.9709430984518399
		outer loop
			vertex 24.188587188720703 8 48.094566345214844
			vertex 23.84918785095215 0 48.178218841552734
			vertex 23.84918785095215 8 48.178218841552734
		endloop
	endfacet
	facet normal -0.4647296315419241 0 -0.8854526354169981
		outer loop
			vertex 24.49810218811035 8 47.9321174621582
			vertex 24.49810218811035 0 47.9321174621582
			vertex 24.188587188720703 0 48.094566345214844
		endloop
	endfacet
	facet normal -0.4647296315419241 0 -0.8854526354169981
		outer loop
			vertex 24.49810218811035 8 47.9321174621582
			vertex 24.188587188720703 0 48.094566345214844
			vertex 24.188587188720703 8 48.094566345214844
		endloop
	endfacet
	facet normal -0.6631165770625606 0 -0.7485161355808125
		outer loop
			vertex 24.759750366210938 8 47.700321197509766
			vertex 24.759750366210938 0 47.700321197509766
			vertex 24.49810218811035 0 47.9321174621582
		endloop
	endfacet
	facet normal -0.6631165770625606 0 -0.7485161355808125
		outer loop
			vertex 24.759750366210938 8 47.700321197509766
			vertex 24.49810218811035 0 47.9321174621582
			vertex 24.49810218811035 8 47.9321174621582
		endloop
	endfacet
	facet normal -0.8229865480160622 0 -0.5680608609863964
		outer loop
			vertex 24.95832061767578 8 47.41263961791992
			vertex 24.759750366210938 0 47.700321197509766
			vertex 24.759750366210938 8 47.700321197509766
		endloop
	endfacet
	facet normal -0.8229865480160622 0 -0.5680608609863964
		outer loop
			vertex 24.95832061767578 8 47.41263961791992
			vertex 24.95832061767578 0 47.41263961791992
			vertex 24.759750366210938 0 47.700321197509766
		endloop
	endfacet
	facet normal -0.9350153693724613 0 -0.3546071897709912
		outer loop
			vertex 25.082275390625 8 47.08580017089844
			vertex 24.95832061767578 0 47.41263961791992
			vertex 24.95832061767578 8 47.41263961791992
		endloop
	endfacet
	facet normal -0.9927092294416823 0 -0.12053375370120023
		outer loop
			vertex 25.082275390625 8 47.08580017089844
			vertex 25.124408721923828 0 46.738792419433594
			vertex 25.082275390625 0 47.08580017089844
		endloop
	endfacet
	facet normal -0.9350153693724613 0 -0.3546071897709912
		outer loop
			vertex 25.082275390625 8 47.08580017089844
			vertex 25.082275390625 0 47.08580017089844
			vertex 24.95832061767578 0 47.41263961791992
		endloop
	endfacet
	facet normal -0.9927092294416823 0 -0.12053375370120023
		outer loop
			vertex 25.124408721923828 8 46.738792419433594
			vertex 25.124408721923828 0 46.738792419433594
			vertex 25.082275390625 8 47.08580017089844
		endloop
	endfacet
	facet normal -0.9927092294416823 0 0.12053375370120023
		outer loop
			vertex 25.124408721923828 8 46.738792419433594
			vertex 25.082275390625 0 46.39178466796875
			vertex 25.124408721923828 0 46.738792419433594
		endloop
	endfacet
	facet normal -0.9927092294416823 0 0.12053375370120023
		outer loop
			vertex 25.082275390625 8 46.39178466796875
			vertex 25.082275390625 0 46.39178466796875
			vertex 25.124408721923828 8 46.738792419433594
		endloop
	endfacet
	facet normal -0.8229865480160622 0 0.5680608609863964
		outer loop
			vertex 24.95832061767578 8 46.064945220947266
			vertex 24.759750366210938 0 45.77726364135742
			vertex 24.95832061767578 0 46.064945220947266
		endloop
	endfacet
	facet normal -0.9350153693724613 0 0.3546071897709912
		outer loop
			vertex 24.95832061767578 8 46.064945220947266
			vertex 24.95832061767578 0 46.064945220947266
			vertex 25.082275390625 0 46.39178466796875
		endloop
	endfacet
	facet normal -0.9350153693724613 0 0.3546071897709912
		outer loop
			vertex 24.95832061767578 8 46.064945220947266
			vertex 25.082275390625 0 46.39178466796875
			vertex 25.082275390625 8 46.39178466796875
		endloop
	endfacet
	facet normal -0.8229865480160622 0 0.5680608609863964
		outer loop
			vertex 24.759750366210938 8 45.77726364135742
			vertex 24.759750366210938 0 45.77726364135742
			vertex 24.95832061767578 8 46.064945220947266
		endloop
	endfacet
	facet normal -0.4647296315419241 0 0.8854526354169981
		outer loop
			vertex 24.49810218811035 8 45.545467376708984
			vertex 24.188587188720703 0 45.383018493652344
			vertex 24.49810218811035 0 45.545467376708984
		endloop
	endfacet
	facet normal -0.6631165770625606 0 0.7485161355808125
		outer loop
			vertex 24.49810218811035 8 45.545467376708984
			vertex 24.49810218811035 0 45.545467376708984
			vertex 24.759750366210938 0 45.77726364135742
		endloop
	endfacet
	facet normal -0.6631165770625606 0 0.7485161355808125
		outer loop
			vertex 24.49810218811035 8 45.545467376708984
			vertex 24.759750366210938 0 45.77726364135742
			vertex 24.759750366210938 8 45.77726364135742
		endloop
	endfacet
	facet normal -0.23931046690176516 0 0.9709430984518399
		outer loop
			vertex 24.188587188720703 8 45.383018493652344
			vertex 23.84918785095215 0 45.29936599731445
			vertex 24.188587188720703 0 45.383018493652344
		endloop
	endfacet
	facet normal -0.4647296315419241 0 0.8854526354169981
		outer loop
			vertex 24.188587188720703 8 45.383018493652344
			vertex 24.188587188720703 0 45.383018493652344
			vertex 24.49810218811035 8 45.545467376708984
		endloop
	endfacet
	facet normal 0 0 1
		outer loop
			vertex 23.84918785095215 8 45.29936599731445
			vertex 23.499631881713867 0 45.29936599731445
			vertex 23.84918785095215 0 45.29936599731445
		endloop
	endfacet
	facet normal -0.23931046690176516 0 0.9709430984518399
		outer loop
			vertex 23.84918785095215 8 45.29936599731445
			vertex 23.84918785095215 0 45.29936599731445
			vertex 24.188587188720703 8 45.383018493652344
		endloop
	endfacet
	facet normal 0 0 1
		outer loop
			vertex 23.499631881713867 8 45.29936599731445
			vertex 23.499631881713867 0 45.29936599731445
			vertex 23.84918785095215 8 45.29936599731445
		endloop
	endfacet
	facet normal 0.4647273862252215 0 0.8854538138673717
		outer loop
			vertex 23.160232543945312 8 45.383018493652344
			vertex 22.85071563720703 0 45.545467376708984
			vertex 23.160232543945312 0 45.383018493652344
		endloop
	endfacet
	facet normal 0.23931046690176516 0 0.9709430984518399
		outer loop
			vertex 23.160232543945312 8 45.383018493652344
			vertex 23.160232543945312 0 45.383018493652344
			vertex 23.499631881713867 0 45.29936599731445
		endloop
	endfacet
	facet normal 0.23931046690176516 0 0.9709430984518399
		outer loop
			vertex 23.160232543945312 8 45.383018493652344
			vertex 23.499631881713867 0 45.29936599731445
			vertex 23.499631881713867 8 45.29936599731445
		endloop
	endfacet
	facet normal 0.4647273862252215 0 0.8854538138673717
		outer loop
			vertex 22.85071563720703 8 45.545467376708984
			vertex 22.85071563720703 0 45.545467376708984
			vertex 23.160232543945312 8 45.383018493652344
		endloop
	endfacet
	facet normal 0.6631192854180231 0 0.7485137362177734
		outer loop
			vertex 22.589069366455078 8 45.77726364135742
			vertex 22.589069366455078 0 45.77726364135742
			vertex 22.85071563720703 0 45.545467376708984
		endloop
	endfacet
	facet normal 0.6631192854180231 0 0.7485137362177734
		outer loop
			vertex 22.589069366455078 8 45.77726364135742
			vertex 22.85071563720703 0 45.545467376708984
			vertex 22.85071563720703 8 45.545467376708984
		endloop
	endfacet
	facet normal 0.8229839970866857 0 0.5680645566651932
		outer loop
			vertex 22.3904972076416 8 46.064945220947266
			vertex 22.3904972076416 0 46.064945220947266
			vertex 22.589069366455078 0 45.77726364135742
		endloop
	endfacet
	facet normal 0.8229839970866857 0 0.5680645566651932
		outer loop
			vertex 22.3904972076416 8 46.064945220947266
			vertex 22.589069366455078 0 45.77726364135742
			vertex 22.589069366455078 8 45.77726364135742
		endloop
	endfacet
	facet normal 0.9350171785390998 0 0.3546024193893514
		outer loop
			vertex 22.266544342041016 8 46.39178466796875
			vertex 22.266544342041016 0 46.39178466796875
			vertex 22.3904972076416 0 46.064945220947266
		endloop
	endfacet
	facet normal 0.9350171785390998 0 0.3546024193893514
		outer loop
			vertex 22.266544342041016 8 46.39178466796875
			vertex 22.3904972076416 0 46.064945220947266
			vertex 22.3904972076416 8 46.064945220947266
		endloop
	endfacet
	facet normal 0.9927085765320003 0 0.12053913090697853
		outer loop
			vertex 22.224409103393555 8 46.738792419433594
			vertex 22.224409103393555 0 46.738792419433594
			vertex 22.266544342041016 0 46.39178466796875
		endloop
	endfacet
	facet normal 0.9927085765320003 0 0.12053913090697853
		outer loop
			vertex 22.224409103393555 8 46.738792419433594
			vertex 22.266544342041016 0 46.39178466796875
			vertex 22.266544342041016 8 46.39178466796875
		endloop
	endfacet
	facet normal 0.9927085765320003 0 -0.12053913090697853
		outer loop
			vertex 22.266544342041016 8 -25.164199829101562
			vertex 22.224409103393555 0 -25.511207580566406
			vertex 22.224409103393555 8 -25.511207580566406
		endloop
	endfacet
	facet normal 0.9927085765320003 0 -0.12053913090697853
		outer loop
			vertex 22.266544342041016 8 -25.164199829101562
			vertex 22.266544342041016 0 -25.164199829101562
			vertex 22.224409103393555 0 -25.511207580566406
		endloop
	endfacet
	facet normal 0.9350178646515032 0 -0.35460061023994793
		outer loop
			vertex 22.3904972076416 8 -24.837358474731445
			vertex 22.3904972076416 0 -24.837358474731445
			vertex 22.266544342041016 0 -25.164199829101562
		endloop
	endfacet
	facet normal 0.9350178646515032 0 -0.35460061023994793
		outer loop
			vertex 22.3904972076416 8 -24.837358474731445
			vertex 22.266544342041016 0 -25.164199829101562
			vertex 22.266544342041016 8 -25.164199829101562
		endloop
	endfacet
	facet normal 0.8229822362960098 0 -0.568067107603687
		outer loop
			vertex 22.589069366455078 8 -24.549678802490234
			vertex 22.589069366455078 0 -24.549678802490234
			vertex 22.3904972076416 0 -24.837358474731445
		endloop
	endfacet
	facet normal 0.8229822362960098 0 -0.568067107603687
		outer loop
			vertex 22.589069366455078 8 -24.549678802490234
			vertex 22.3904972076416 0 -24.837358474731445
			vertex 22.3904972076416 8 -24.837358474731445
		endloop
	endfacet
	facet normal 0.46472310818270407 0 -0.8854560591700793
		outer loop
			vertex 22.85071563720703 8 -24.317880630493164
			vertex 23.160232543945312 0 -24.155433654785156
			vertex 22.85071563720703 0 -24.317880630493164
		endloop
	endfacet
	facet normal 0.6631223425381201 0 -0.7485110278591466
		outer loop
			vertex 22.85071563720703 8 -24.317880630493164
			vertex 22.85071563720703 0 -24.317880630493164
			vertex 22.589069366455078 0 -24.549678802490234
		endloop
	endfacet
	facet normal 0.6631223425381201 0 -0.7485110278591466
		outer loop
			vertex 22.85071563720703 8 -24.317880630493164
			vertex 22.589069366455078 0 -24.549678802490234
			vertex 22.589069366455078 8 -24.549678802490234
		endloop
	endfacet
	facet normal 0.46472310818270407 0 -0.8854560591700793
		outer loop
			vertex 23.160232543945312 8 -24.155433654785156
			vertex 23.160232543945312 0 -24.155433654785156
			vertex 22.85071563720703 8 -24.317880630493164
		endloop
	endfacet
	facet normal 0.23931561088540157 0 -0.9709418305884998
		outer loop
			vertex 23.499631881713867 8 -24.071779251098633
			vertex 23.499631881713867 0 -24.071779251098633
			vertex 23.160232543945312 0 -24.155433654785156
		endloop
	endfacet
	facet normal 0.23931561088540157 0 -0.9709418305884998
		outer loop
			vertex 23.499631881713867 8 -24.071779251098633
			vertex 23.160232543945312 0 -24.155433654785156
			vertex 23.160232543945312 8 -24.155433654785156
		endloop
	endfacet
	facet normal 0 0 -1
		outer loop
			vertex 23.84918785095215 8 -24.071779251098633
			vertex 23.84918785095215 0 -24.071779251098633
			vertex 23.499631881713867 0 -24.071779251098633
		endloop
	endfacet
	facet normal 0 0 -1
		outer loop
			vertex 23.84918785095215 8 -24.071779251098633
			vertex 23.499631881713867 0 -24.071779251098633
			vertex 23.499631881713867 8 -24.071779251098633
		endloop
	endfacet
	facet normal -0.23931561088540157 0 -0.9709418305884998
		outer loop
			vertex 24.188587188720703 8 -24.155433654785156
			vertex 24.188587188720703 0 -24.155433654785156
			vertex 23.84918785095215 0 -24.071779251098633
		endloop
	endfacet
	facet normal -0.23931561088540157 0 -0.9709418305884998
		outer loop
			vertex 24.188587188720703 8 -24.155433654785156
			vertex 23.84918785095215 0 -24.071779251098633
			vertex 23.84918785095215 8 -24.071779251098633
		endloop
	endfacet
	facet normal -0.4647253534901246 0 -0.8854548807384139
		outer loop
			vertex 24.49810218811035 8 -24.317880630493164
			vertex 24.49810218811035 0 -24.317880630493164
			vertex 24.188587188720703 0 -24.155433654785156
		endloop
	endfacet
	facet normal -0.4647253534901246 0 -0.8854548807384139
		outer loop
			vertex 24.49810218811035 8 -24.317880630493164
			vertex 24.188587188720703 0 -24.155433654785156
			vertex 24.188587188720703 8 -24.155433654785156
		endloop
	endfacet
	facet normal -0.6631196341897707 0 -0.7485134272356273
		outer loop
			vertex 24.759750366210938 8 -24.549678802490234
			vertex 24.759750366210938 0 -24.549678802490234
			vertex 24.49810218811035 0 -24.317880630493164
		endloop
	endfacet
	facet normal -0.6631196341897707 0 -0.7485134272356273
		outer loop
			vertex 24.759750366210938 8 -24.549678802490234
			vertex 24.49810218811035 0 -24.317880630493164
			vertex 24.49810218811035 8 -24.317880630493164
		endloop
	endfacet
	facet normal -0.8229847872428391 0 -0.5680634119241084
		outer loop
			vertex 24.95832061767578 8 -24.837358474731445
			vertex 24.759750366210938 0 -24.549678802490234
			vertex 24.759750366210938 8 -24.549678802490234
		endloop
	endfacet
	facet normal -0.8229847872428391 0 -0.5680634119241084
		outer loop
			vertex 24.95832061767578 8 -24.837358474731445
			vertex 24.95832061767578 0 -24.837358474731445
			vertex 24.759750366210938 0 -24.549678802490234
		endloop
	endfacet
	facet normal -0.9350160555019976 0 -0.35460538060425084
		outer loop
			vertex 25.082275390625 8 -25.164199829101562
			vertex 24.95832061767578 0 -24.837358474731445
			vertex 24.95832061767578 8 -24.837358474731445
		endloop
	endfacet
	facet normal -0.9927092294416823 0 -0.12053375370120023
		outer loop
			vertex 25.082275390625 8 -25.164199829101562
			vertex 25.124408721923828 0 -25.511207580566406
			vertex 25.082275390625 0 -25.164199829101562
		endloop
	endfacet
	facet normal -0.9350160555019976 0 -0.35460538060425084
		outer loop
			vertex 25.082275390625 8 -25.164199829101562
			vertex 25.082275390625 0 -25.164199829101562
			vertex 24.95832061767578 0 -24.837358474731445
		endloop
	endfacet
	facet normal -0.9927092294416823 0 -0.12053375370120023
		outer loop
			vertex 25.124408721923828 8 -25.511207580566406
			vertex 25.124408721923828 0 -25.511207580566406
			vertex 25.082275390625 8 -25.164199829101562
		endloop
	endfacet
	facet normal -0.9927092294416823 0 0.12053375370120023
		outer loop
			vertex 25.124408721923828 8 -25.511207580566406
			vertex 25.082275390625 0 -25.85821533203125
			vertex 25.124408721923828 0 -25.511207580566406
		endloop
	endfacet
	facet normal -0.9927092294416823 0 0.12053375370120023
		outer loop
			vertex 25.082275390625 8 -25.85821533203125
			vertex 25.082275390625 0 -25.85821533203125
			vertex 25.124408721923828 8 -25.511207580566406
		endloop
	endfacet
	facet normal -0.822983026445895 0 0.568065962879273
		outer loop
			vertex 24.95832061767578 8 -26.185056686401367
			vertex 24.759750366210938 0 -26.472734451293945
			vertex 24.95832061767578 0 -26.185056686401367
		endloop
	endfacet
	facet normal -0.9350160555019976 0 0.35460538060425084
		outer loop
			vertex 24.95832061767578 8 -26.185056686401367
			vertex 24.95832061767578 0 -26.185056686401367
			vertex 25.082275390625 0 -25.85821533203125
		endloop
	endfacet
	facet normal -0.9350160555019976 0 0.35460538060425084
		outer loop
			vertex 24.95832061767578 8 -26.185056686401367
			vertex 25.082275390625 0 -25.85821533203125
			vertex 25.082275390625 8 -25.85821533203125
		endloop
	endfacet
	facet normal -0.822983026445895 0 0.568065962879273
		outer loop
			vertex 24.759750366210938 8 -26.472734451293945
			vertex 24.759750366210938 0 -26.472734451293945
			vertex 24.95832061767578 8 -26.185056686401367
		endloop
	endfacet
	facet normal -0.4647253534901246 0 0.8854548807384139
		outer loop
			vertex 24.49810218811035 8 -26.70453453063965
			vertex 24.188587188720703 0 -26.866981506347656
			vertex 24.49810218811035 0 -26.70453453063965
		endloop
	endfacet
	facet normal -0.6631226912837964 0 0.7485107188975554
		outer loop
			vertex 24.49810218811035 8 -26.70453453063965
			vertex 24.49810218811035 0 -26.70453453063965
			vertex 24.759750366210938 0 -26.472734451293945
		endloop
	endfacet
	facet normal -0.6631226912837964 0 0.7485107188975554
		outer loop
			vertex 24.49810218811035 8 -26.70453453063965
			vertex 24.759750366210938 0 -26.472734451293945
			vertex 24.759750366210938 8 -26.472734451293945
		endloop
	endfacet
	facet normal -0.23931561088540157 0 0.9709418305884998
		outer loop
			vertex 24.188587188720703 8 -26.866981506347656
			vertex 23.84918785095215 0 -26.95063591003418
			vertex 24.188587188720703 0 -26.866981506347656
		endloop
	endfacet
	facet normal -0.4647253534901246 0 0.8854548807384139
		outer loop
			vertex 24.188587188720703 8 -26.866981506347656
			vertex 24.188587188720703 0 -26.866981506347656
			vertex 24.49810218811035 8 -26.70453453063965
		endloop
	endfacet
	facet normal 0 0 1
		outer loop
			vertex 23.84918785095215 8 -26.95063591003418
			vertex 23.499631881713867 0 -26.95063591003418
			vertex 23.84918785095215 0 -26.95063591003418
		endloop
	endfacet
	facet normal -0.23931561088540157 0 0.9709418305884998
		outer loop
			vertex 23.84918785095215 8 -26.95063591003418
			vertex 23.84918785095215 0 -26.95063591003418
			vertex 24.188587188720703 8 -26.866981506347656
		endloop
	endfacet
	facet normal 0 0 1
		outer loop
			vertex 23.499631881713867 8 -26.95063591003418
			vertex 23.499631881713867 0 -26.95063591003418
			vertex 23.84918785095215 8 -26.95063591003418
		endloop
	endfacet
	facet normal 0.46472310818270407 0 0.8854560591700793
		outer loop
			vertex 23.160232543945312 8 -26.866981506347656
			vertex 22.85071563720703 0 -26.70453453063965
			vertex 23.160232543945312 0 -26.866981506347656
		endloop
	endfacet
	facet normal 0.23931561088540157 0 0.9709418305884998
		outer loop
			vertex 23.160232543945312 8 -26.866981506347656
			vertex 23.160232543945312 0 -26.866981506347656
			vertex 23.499631881713867 0 -26.95063591003418
		endloop
	endfacet
	facet normal 0.23931561088540157 0 0.9709418305884998
		outer loop
			vertex 23.160232543945312 8 -26.866981506347656
			vertex 23.499631881713867 0 -26.95063591003418
			vertex 23.499631881713867 8 -26.95063591003418
		endloop
	endfacet
	facet normal 0.46472310818270407 0 0.8854560591700793
		outer loop
			vertex 22.85071563720703 8 -26.70453453063965
			vertex 22.85071563720703 0 -26.70453453063965
			vertex 23.160232543945312 8 -26.866981506347656
		endloop
	endfacet
	facet normal 0.6631253996250323 0 0.7485083195076333
		outer loop
			vertex 22.589069366455078 8 -26.472734451293945
			vertex 22.589069366455078 0 -26.472734451293945
			vertex 22.85071563720703 0 -26.70453453063965
		endloop
	endfacet
	facet normal 0.6631253996250323 0 0.7485083195076333
		outer loop
			vertex 22.589069366455078 8 -26.472734451293945
			vertex 22.85071563720703 0 -26.70453453063965
			vertex 22.85071563720703 8 -26.70453453063965
		endloop
	endfacet
	facet normal 0.8229804754816131 0 0.5680696585596333
		outer loop
			vertex 22.3904972076416 8 -26.185056686401367
			vertex 22.3904972076416 0 -26.185056686401367
			vertex 22.589069366455078 0 -26.472734451293945
		endloop
	endfacet
	facet normal 0.8229804754816131 0 0.5680696585596333
		outer loop
			vertex 22.3904972076416 8 -26.185056686401367
			vertex 22.589069366455078 0 -26.472734451293945
			vertex 22.589069366455078 8 -26.472734451293945
		endloop
	endfacet
	facet normal 0.9350178646515032 0 0.35460061023994793
		outer loop
			vertex 22.266544342041016 8 -25.85821533203125
			vertex 22.266544342041016 0 -25.85821533203125
			vertex 22.3904972076416 0 -26.185056686401367
		endloop
	endfacet
	facet normal 0.9350178646515032 0 0.35460061023994793
		outer loop
			vertex 22.266544342041016 8 -25.85821533203125
			vertex 22.3904972076416 0 -26.185056686401367
			vertex 22.3904972076416 8 -26.185056686401367
		endloop
	endfacet
	facet normal 0.9927085765320003 0 0.12053913090697853
		outer loop
			vertex 22.224409103393555 8 -25.511207580566406
			vertex 22.224409103393555 0 -25.511207580566406
			vertex 22.266544342041016 0 -25.85821533203125
		endloop
	endfacet
	facet normal 0.9927085765320003 0 0.12053913090697853
		outer loop
			vertex 22.224409103393555 8 -25.511207580566406
			vertex 22.266544342041016 0 -25.85821533203125
			vertex 22.266544342041016 8 -25.85821533203125
		endloop
	endfacet
	facet normal 0 0 1
		outer loop
			vertex 28.674409866333008 8 51.738792419433594
			vertex -49.075592041015625 8 51.738792419433594
			vertex -49.075592041015625 0 51.738792419433594
		endloop
	endfacet
	facet normal 0 0 1
		outer loop
			vertex 28.674409866333008 8 51.738792419433594
			vertex -49.075592041015625 0 51.738792419433594
			vertex 28.674409866333008 0 51.738792419433594
		endloop
	endfacet
	facet normal 1 0 0
		outer loop
			vertex 28.674409866333008 8 -30.511207580566406
			vertex 28.674409866333008 8 51.738792419433594
			vertex 28.674409866333008 0 51.738792419433594
		endloop
	endfacet
	facet normal 1 0 0
		outer loop
			vertex 28.674409866333008 8 -30.511207580566406
			vertex 28.674409866333008 0 51.738792419433594
			vertex 28.674409866333008 0 -30.511207580566406
		endloop
	endfacet
	facet normal 0 0 -1
		outer loop
			vertex -49.075592041015625 8 -30.511207580566406
			vertex 28.674409866333008 8 -30.511207580566406
			vertex 28.674409866333008 0 -30.511207580566406
		endloop
	endfacet
	facet normal 0 0 -1
		outer loop
			vertex -49.075592041015625 8 -30.511207580566406
			vertex 28.674409866333008 0 -30.511207580566406
			vertex -49.075592041015625 0 -30.511207580566406
		endloop
	endfacet
	facet normal 0 0 1
		outer loop
			vertex 18.674409866333008 8 -20.511207580566406
			vertex -39.075592041015625 8 -20.511207580566406
			vertex -39.075592041015625 3 -20.511207580566406
		endloop
	endfacet
	facet normal 0 0 1
		outer loop
			vertex 18.674409866333008 8 -20.511207580566406
			vertex -39.075592041015625 3 -20.511207580566406
			vertex 18.674409866333008 3 -20.511207580566406
		endloop
	endfacet
	facet normal -1 0 0
		outer loop
			vertex 18.674409866333008 8 41.738792419433594
			vertex 18.674409866333008 8 -20.511207580566406
			vertex 18.674409866333008 3 -20.511207580566406
		endloop
	endfacet
	facet normal -1 0 0
		outer loop
			vertex 18.674409866333008 8 41.738792419433594
			vertex 18.674409866333008 3 -20.511207580566406
			vertex 18.674409866333008 3 41.738792419433594
		endloop
	endfacet
	facet normal 0 1 0
		outer loop
			vertex -44.89928436279297 8 -26.70453453063965
			vertex -49.075592041015625 8 -30.511207580566406
			vertex -45.16093063354492 8 -26.472734451293945
		endloop
	endfacet
	facet normal 0 1 0
		outer loop
			vertex -45.359500885009766 8 -26.185056686401367
			vertex -45.16093063354492 8 -26.472734451293945
			vertex -49.075592041015625 8 -30.511207580566406
		endloop
	endfacet
	facet normal 0 1 0
		outer loop
			vertex -44.58976745605469 8 -26.866981506347656
			vertex -49.075592041015625 8 -30.511207580566406
			vertex -44.89928436279297 8 -26.70453453063965
		endloop
	endfacet
	facet normal 0 1 0
		outer loop
			vertex -45.483455657958984 8 -25.85821533203125
			vertex -45.359500885009766 8 -26.185056686401367
			vertex -49.075592041015625 8 -30.511207580566406
		endloop
	endfacet
	facet normal 0 1 0
		outer loop
			vertex -44.250370025634766 8 -26.95063591003418
			vertex -49.075592041015625 8 -30.511207580566406
			vertex -44.58976745605469 8 -26.866981506347656
		endloop
	endfacet
	facet normal 0 1 0
		outer loop
			vertex -45.52558898925781 8 -25.511207580566406
			vertex -45.483455657958984 8 -25.85821533203125
			vertex -49.075592041015625 8 -30.511207580566406
		endloop
	endfacet
	facet normal 0 1 0
		outer loop
			vertex -43.900814056396484 8 -26.95063591003418
			vertex -49.075592041015625 8 -30.511207580566406
			vertex -44.250370025634766 8 -26.95063591003418
		endloop
	endfacet
	facet normal 0 1 0
		outer loop
			vertex -45.483455657958984 8 -25.164199829101562
			vertex -45.52558898925781 8 -25.511207580566406
			vertex -49.075592041015625 8 -30.511207580566406
		endloop
	endfacet
	facet normal 0 1 0
		outer loop
			vertex -43.5614128112793 8 -26.866981506347656
			vertex -49.075592041015625 8 -30.511207580566406
			vertex -43.900814056396484 8 -26.95063591003418
		endloop
	endfacet
	facet normal 0 1 0
		outer loop
			vertex -45.359500885009766 8 -24.837358474731445
			vertex -45.483455657958984 8 -25.164199829101562
			vertex -49.075592041015625 8 -30.511207580566406
		endloop
	endfacet
	facet normal 0 1 0
		outer loop
			vertex -43.251895904541016 8 -26.70453453063965
			vertex -49.075592041015625 8 -30.511207580566406
			vertex -43.5614128112793 8 -26.866981506347656
		endloop
	endfacet
	facet normal 0 1 0
		outer loop
			vertex -39.075592041015625 8 -20.511207580566406
			vertex -42.79167938232422 8 -26.185056686401367
			vertex -42.667724609375 8 -25.85821533203125
		endloop
	endfacet
	facet normal 0 1 0
		outer loop
			vertex -39.075592041015625 8 -20.511207580566406
			vertex -42.667724609375 8 -25.85821533203125
			vertex -42.62559127807617 8 -25.511207580566406
		endloop
	endfacet
	facet normal 0 1 0
		outer loop
			vertex -39.075592041015625 8 -20.511207580566406
			vertex -42.62559127807617 8 -25.511207580566406
			vertex -42.667724609375 8 -25.164199829101562
		endloop
	endfacet
	facet normal 0 1 0
		outer loop
			vertex -39.075592041015625 8 -20.511207580566406
			vertex -42.667724609375 8 -25.164199829101562
			vertex -42.79167938232422 8 -24.837358474731445
		endloop
	endfacet
	facet normal 0 1 0
		outer loop
			vertex -39.075592041015625 8 -20.511207580566406
			vertex -42.79167938232422 8 -24.837358474731445
			vertex -42.99024963378906 8 -24.549678802490234
		endloop
	endfacet
	facet normal 0 1 0
		outer loop
			vertex -39.075592041015625 8 -20.511207580566406
			vertex -42.99024963378906 8 -24.549678802490234
			vertex -43.251895904541016 8 -24.317880630493164
		endloop
	endfacet
	facet normal 0 1 0
		outer loop
			vertex -39.075592041015625 8 -20.511207580566406
			vertex -43.251895904541016 8 -24.317880630493164
			vertex -43.5614128112793 8 -24.155433654785156
		endloop
	endfacet
	facet normal 0 1 0
		outer loop
			vertex -39.075592041015625 8 -20.511207580566406
			vertex -43.5614128112793 8 -24.155433654785156
			vertex -43.900814056396484 8 -24.071779251098633
		endloop
	endfacet
	facet normal 0 1 0
		outer loop
			vertex -39.075592041015625 8 -20.511207580566406
			vertex -43.900814056396484 8 -24.071779251098633
			vertex -44.250370025634766 8 -24.071779251098633
		endloop
	endfacet
	facet normal 0 1 0
		outer loop
			vertex -39.075592041015625 8 -20.511207580566406
			vertex -44.250370025634766 8 -24.071779251098633
			vertex -44.58976745605469 8 -24.155433654785156
		endloop
	endfacet
	facet normal 0 1 0
		outer loop
			vertex -39.075592041015625 8 -20.511207580566406
			vertex -44.58976745605469 8 -24.155433654785156
			vertex -44.89928436279297 8 -24.317880630493164
		endloop
	endfacet
	facet normal 0 1 0
		outer loop
			vertex 22.85071563720703 8 -26.70453453063965
			vertex -43.251895904541016 8 -26.70453453063965
			vertex -42.99024963378906 8 -26.472734451293945
		endloop
	endfacet
	facet normal 0 1 0
		outer loop
			vertex 22.85071563720703 8 -26.70453453063965
			vertex -42.99024963378906 8 -26.472734451293945
			vertex 22.589069366455078 8 -26.472734451293945
		endloop
	endfacet
	facet normal 0 1 0
		outer loop
			vertex 22.3904972076416 8 -26.185056686401367
			vertex -42.99024963378906 8 -26.472734451293945
			vertex -42.79167938232422 8 -26.185056686401367
		endloop
	endfacet
	facet normal 0 1 0
		outer loop
			vertex 22.3904972076416 8 -26.185056686401367
			vertex 22.589069366455078 8 -26.472734451293945
			vertex -42.99024963378906 8 -26.472734451293945
		endloop
	endfacet
	facet normal 0 1 0
		outer loop
			vertex 18.674409866333008 8 -20.511207580566406
			vertex 22.224409103393555 8 -25.511207580566406
			vertex 22.266544342041016 8 -25.85821533203125
		endloop
	endfacet
	facet normal 0 1 0
		outer loop
			vertex 18.674409866333008 8 -20.511207580566406
			vertex 22.266544342041016 8 -25.85821533203125
			vertex 22.3904972076416 8 -26.185056686401367
		endloop
	endfacet
	facet normal 0 1 0
		outer loop
			vertex 18.674409866333008 8 -20.511207580566406
			vertex 22.589069366455078 8 -24.549678802490234
			vertex 22.3904972076416 8 -24.837358474731445
		endloop
	endfacet
	facet normal 0 1 0
		outer loop
			vertex 18.674409866333008 8 -20.511207580566406
			vertex 22.3904972076416 8 -24.837358474731445
			vertex 22.266544342041016 8 -25.164199829101562
		endloop
	endfacet
	facet normal 0 1 0
		outer loop
			vertex 18.674409866333008 8 -20.511207580566406
			vertex 22.266544342041016 8 -25.164199829101562
			vertex 22.224409103393555 8 -25.511207580566406
		endloop
	endfacet
	facet normal 0 1 0
		outer loop
			vertex 18.674409866333008 8 -20.511207580566406
			vertex -42.79167938232422 8 -26.185056686401367
			vertex -39.075592041015625 8 -20.511207580566406
		endloop
	endfacet
	facet normal 0 1 0
		outer loop
			vertex 18.674409866333008 8 -20.511207580566406
			vertex 22.3904972076416 8 -26.185056686401367
			vertex -42.79167938232422 8 -26.185056686401367
		endloop
	endfacet
	facet normal 0 1 0
		outer loop
			vertex 28.674409866333008 8 -30.511207580566406
			vertex 22.85071563720703 8 -26.70453453063965
			vertex 23.160232543945312 8 -26.866981506347656
		endloop
	endfacet
	facet normal 0 1 0
		outer loop
			vertex 28.674409866333008 8 -30.511207580566406
			vertex 23.160232543945312 8 -26.866981506347656
			vertex 23.499631881713867 8 -26.95063591003418
		endloop
	endfacet
	facet normal 0 1 0
		outer loop
			vertex 28.674409866333008 8 -30.511207580566406
			vertex 23.499631881713867 8 -26.95063591003418
			vertex 23.84918785095215 8 -26.95063591003418
		endloop
	endfacet
	facet normal 0 1 0
		outer loop
			vertex 28.674409866333008 8 -30.511207580566406
			vertex 23.84918785095215 8 -26.95063591003418
			vertex 24.188587188720703 8 -26.866981506347656
		endloop
	endfacet
	facet normal 0 1 0
		outer loop
			vertex 28.674409866333008 8 -30.511207580566406
			vertex 24.188587188720703 8 -26.866981506347656
			vertex 24.49810218811035 8 -26.70453453063965
		endloop
	endfacet
	facet normal 0 1 0
		outer loop
			vertex 28.674409866333008 8 -30.511207580566406
			vertex -49.075592041015625 8 -30.511207580566406
			vertex -43.251895904541016 8 -26.70453453063965
		endloop
	endfacet
	facet normal 0 1 0
		outer loop
			vertex 28.674409866333008 8 -30.511207580566406
			vertex -43.251895904541016 8 -26.70453453063965
			vertex 22.85071563720703 8 -26.70453453063965
		endloop
	endfacet
	facet normal 0 1 0
		outer loop
			vertex 24.759750366210938 8 -26.472734451293945
			vertex 28.674409866333008 8 -30.511207580566406
			vertex 24.49810218811035 8 -26.70453453063965
		endloop
	endfacet
	facet normal 0 1 0
		outer loop
			vertex 22.85071563720703 8 -24.317880630493164
			vertex 22.589069366455078 8 -24.549678802490234
			vertex 18.674409866333008 8 -20.511207580566406
		endloop
	endfacet
	facet normal 0 1 0
		outer loop
			vertex 24.95832061767578 8 -26.185056686401367
			vertex 28.674409866333008 8 -30.511207580566406
			vertex 24.759750366210938 8 -26.472734451293945
		endloop
	endfacet
	facet normal 0 1 0
		outer loop
			vertex 23.160232543945312 8 -24.155433654785156
			vertex 22.85071563720703 8 -24.317880630493164
			vertex 18.674409866333008 8 -20.511207580566406
		endloop
	endfacet
	facet normal 0 1 0
		outer loop
			vertex 25.082275390625 8 -25.85821533203125
			vertex 28.674409866333008 8 -30.511207580566406
			vertex 24.95832061767578 8 -26.185056686401367
		endloop
	endfacet
	facet normal 0 1 0
		outer loop
			vertex 23.499631881713867 8 -24.071779251098633
			vertex 23.160232543945312 8 -24.155433654785156
			vertex 18.674409866333008 8 -20.511207580566406
		endloop
	endfacet
	facet normal 0 1 0
		outer loop
			vertex 25.124408721923828 8 -25.511207580566406
			vertex 28.674409866333008 8 -30.511207580566406
			vertex 25.082275390625 8 -25.85821533203125
		endloop
	endfacet
	facet normal 0 1 0
		outer loop
			vertex 23.84918785095215 8 -24.071779251098633
			vertex 23.499631881713867 8 -24.071779251098633
			vertex 18.674409866333008 8 -20.511207580566406
		endloop
	endfacet
	facet normal 0 1 0
		outer loop
			vertex 25.082275390625 8 -25.164199829101562
			vertex 28.674409866333008 8 -30.511207580566406
			vertex 25.124408721923828 8 -25.511207580566406
		endloop
	endfacet
	facet normal 0 1 0
		outer loop
			vertex 24.188587188720703 8 -24.155433654785156
			vertex 23.84918785095215 8 -24.071779251098633
			vertex 18.674409866333008 8 -20.511207580566406
		endloop
	endfacet
	facet normal 0 1 0
		outer loop
			vertex 24.95832061767578 8 -24.837358474731445
			vertex 28.674409866333008 8 -30.511207580566406
			vertex 25.082275390625 8 -25.164199829101562
		endloop
	endfacet
	facet normal 0 1 0
		outer loop
			vertex 24.49810218811035 8 -24.317880630493164
			vertex 24.188587188720703 8 -24.155433654785156
			vertex 18.674409866333008 8 -20.511207580566406
		endloop
	endfacet
	facet normal 0 1 0
		outer loop
			vertex -44.89928436279297 8 45.545467376708984
			vertex -45.16093063354492 8 -24.549678802490234
			vertex -45.16093063354492 8 45.77726364135742
		endloop
	endfacet
	facet normal 0 1 0
		outer loop
			vertex -44.89928436279297 8 45.545467376708984
			vertex -44.89928436279297 8 -24.317880630493164
			vertex -45.16093063354492 8 -24.549678802490234
		endloop
	endfacet
	facet normal 0 1 0
		outer loop
			vertex -45.359500885009766 8 46.064945220947266
			vertex -45.16093063354492 8 45.77726364135742
			vertex -45.16093063354492 8 -24.549678802490234
		endloop
	endfacet
	facet normal 0 1 0
		outer loop
			vertex -45.359500885009766 8 46.064945220947266
			vertex -45.16093063354492 8 -24.549678802490234
			vertex -45.359500885009766 8 -24.837358474731445
		endloop
	endfacet
	facet normal 0 1 0
		outer loop
			vertex -49.075592041015625 8 51.738792419433594
			vertex -45.16093063354492 8 47.700321197509766
			vertex -45.359500885009766 8 47.41263961791992
		endloop
	endfacet
	facet normal 0 1 0
		outer loop
			vertex -49.075592041015625 8 51.738792419433594
			vertex -45.359500885009766 8 47.41263961791992
			vertex -45.483455657958984 8 47.08580017089844
		endloop
	endfacet
	facet normal 0 1 0
		outer loop
			vertex -49.075592041015625 8 51.738792419433594
			vertex -45.483455657958984 8 47.08580017089844
			vertex -45.52558898925781 8 46.738792419433594
		endloop
	endfacet
	facet normal 0 1 0
		outer loop
			vertex -49.075592041015625 8 51.738792419433594
			vertex -45.359500885009766 8 46.064945220947266
			vertex -45.359500885009766 8 -24.837358474731445
		endloop
	endfacet
	facet normal 0 1 0
		outer loop
			vertex -49.075592041015625 8 51.738792419433594
			vertex -45.359500885009766 8 -24.837358474731445
			vertex -49.075592041015625 8 -30.511207580566406
		endloop
	endfacet
	facet normal 0 1 0
		outer loop
			vertex -49.075592041015625 8 51.738792419433594
			vertex -45.52558898925781 8 46.738792419433594
			vertex -45.483455657958984 8 46.39178466796875
		endloop
	endfacet
	facet normal 0 1 0
		outer loop
			vertex -49.075592041015625 8 51.738792419433594
			vertex -45.483455657958984 8 46.39178466796875
			vertex -45.359500885009766 8 46.064945220947266
		endloop
	endfacet
	facet normal 0 1 0
		outer loop
			vertex -39.075592041015625 8 41.738792419433594
			vertex -44.89928436279297 8 -24.317880630493164
			vertex -44.89928436279297 8 45.545467376708984
		endloop
	endfacet
	facet normal 0 1 0
		outer loop
			vertex -39.075592041015625 8 41.738792419433594
			vertex -39.075592041015625 8 -20.511207580566406
			vertex -44.89928436279297 8 -24.317880630493164
		endloop
	endfacet
	facet normal 0 1 0
		outer loop
			vertex -39.075592041015625 8 41.738792419433594
			vertex -44.89928436279297 8 45.545467376708984
			vertex -44.58976745605469 8 45.383018493652344
		endloop
	endfacet
	facet normal 0 1 0
		outer loop
			vertex -39.075592041015625 8 41.738792419433594
			vertex -44.58976745605469 8 45.383018493652344
			vertex -44.250370025634766 8 45.29936599731445
		endloop
	endfacet
	facet normal 0 1 0
		outer loop
			vertex -39.075592041015625 8 41.738792419433594
			vertex -44.250370025634766 8 45.29936599731445
			vertex -43.900814056396484 8 45.29936599731445
		endloop
	endfacet
	facet normal 0 1 0
		outer loop
			vertex -39.075592041015625 8 41.738792419433594
			vertex -43.900814056396484 8 45.29936599731445
			vertex -43.5614128112793 8 45.383018493652344
		endloop
	endfacet
	facet normal 0 1 0
		outer loop
			vertex -39.075592041015625 8 41.738792419433594
			vertex -43.5614128112793 8 45.383018493652344
			vertex -43.251895904541016 8 45.545467376708984
		endloop
	endfacet
	facet normal 0 1 0
		outer loop
			vertex -42.99024963378906 8 45.77726364135742
			vertex -39.075592041015625 8 41.738792419433594
			vertex -43.251895904541016 8 45.545467376708984
		endloop
	endfacet
	facet normal 0 1 0
		outer loop
			vertex -44.89928436279297 8 47.9321174621582
			vertex -45.16093063354492 8 47.700321197509766
			vertex -49.075592041015625 8 51.738792419433594
		endloop
	endfacet
	facet normal 0 1 0
		outer loop
			vertex -42.79167938232422 8 46.064945220947266
			vertex -39.075592041015625 8 41.738792419433594
			vertex -42.99024963378906 8 45.77726364135742
		endloop
	endfacet
	facet normal 0 1 0
		outer loop
			vertex -44.58976745605469 8 48.094566345214844
			vertex -44.89928436279297 8 47.9321174621582
			vertex -49.075592041015625 8 51.738792419433594
		endloop
	endfacet
	facet normal 0 1 0
		outer loop
			vertex -42.667724609375 8 46.39178466796875
			vertex -39.075592041015625 8 41.738792419433594
			vertex -42.79167938232422 8 46.064945220947266
		endloop
	endfacet
	facet normal 0 1 0
		outer loop
			vertex -44.250370025634766 8 48.178218841552734
			vertex -44.58976745605469 8 48.094566345214844
			vertex -49.075592041015625 8 51.738792419433594
		endloop
	endfacet
	facet normal 0 1 0
		outer loop
			vertex -42.62559127807617 8 46.738792419433594
			vertex -39.075592041015625 8 41.738792419433594
			vertex -42.667724609375 8 46.39178466796875
		endloop
	endfacet
	facet normal 0 1 0
		outer loop
			vertex -43.900814056396484 8 48.178218841552734
			vertex -44.250370025634766 8 48.178218841552734
			vertex -49.075592041015625 8 51.738792419433594
		endloop
	endfacet
	facet normal 0 1 0
		outer loop
			vertex -42.667724609375 8 47.08580017089844
			vertex -39.075592041015625 8 41.738792419433594
			vertex -42.62559127807617 8 46.738792419433594
		endloop
	endfacet
	facet normal 0 1 0
		outer loop
			vertex -43.5614128112793 8 48.094566345214844
			vertex -43.900814056396484 8 48.178218841552734
			vertex -49.075592041015625 8 51.738792419433594
		endloop
	endfacet
	facet normal 0 1 0
		outer loop
			vertex -42.79167938232422 8 47.41263961791992
			vertex -39.075592041015625 8 41.738792419433594
			vertex -42.667724609375 8 47.08580017089844
		endloop
	endfacet
	facet normal 0 1 0
		outer loop
			vertex -43.251895904541016 8 47.9321174621582
			vertex -43.5614128112793 8 48.094566345214844
			vertex -49.075592041015625 8 51.738792419433594
		endloop
	endfacet
	facet normal 0 1 0
		outer loop
			vertex 22.85071563720703 8 45.545467376708984
			vertex 18.674409866333008 8 41.738792419433594
			vertex 22.589069366455078 8 45.77726364135742
		endloop
	endfacet
	facet normal 0 1 0
		outer loop
			vertex 22.3904972076416 8 46.064945220947266
			vertex 22.589069366455078 8 45.77726364135742
			vertex 18.674409866333008 8 41.738792419433594
		endloop
	endfacet
	facet normal 0 1 0
		outer loop
			vertex 23.160232543945312 8 45.383018493652344
			vertex 18.674409866333008 8 41.738792419433594
			vertex 22.85071563720703 8 45.545467376708984
		endloop
	endfacet
	facet normal 0 1 0
		outer loop
			vertex 22.266544342041016 8 46.39178466796875
			vertex 22.3904972076416 8 46.064945220947266
			vertex 18.674409866333008 8 41.738792419433594
		endloop
	endfacet
	facet normal 0 1 0
		outer loop
			vertex 23.499631881713867 8 45.29936599731445
			vertex 18.674409866333008 8 41.738792419433594
			vertex 23.160232543945312 8 45.383018493652344
		endloop
	endfacet
	facet normal 0 1 0
		outer loop
			vertex 22.224409103393555 8 46.738792419433594
			vertex 22.266544342041016 8 46.39178466796875
			vertex 18.674409866333008 8 41.738792419433594
		endloop
	endfacet
	facet normal 0 1 0
		outer loop
			vertex 23.84918785095215 8 45.29936599731445
			vertex 18.674409866333008 8 41.738792419433594
			vertex 23.499631881713867 8 45.29936599731445
		endloop
	endfacet
	facet normal 0 1 0
		outer loop
			vertex 22.266544342041016 8 47.08580017089844
			vertex 22.224409103393555 8 46.738792419433594
			vertex 18.674409866333008 8 41.738792419433594
		endloop
	endfacet
	facet normal 0 1 0
		outer loop
			vertex 24.188587188720703 8 45.383018493652344
			vertex 18.674409866333008 8 41.738792419433594
			vertex 23.84918785095215 8 45.29936599731445
		endloop
	endfacet
	facet normal 0 1 0
		outer loop
			vertex 22.3904972076416 8 47.41263961791992
			vertex 22.266544342041016 8 47.08580017089844
			vertex 18.674409866333008 8 41.738792419433594
		endloop
	endfacet
	facet normal 0 1 0
		outer loop
			vertex 22.3904972076416 8 47.41263961791992
			vertex 18.674409866333008 8 41.738792419433594
			vertex -39.075592041015625 8 41.738792419433594
		endloop
	endfacet
	facet normal 0 1 0
		outer loop
			vertex 22.3904972076416 8 47.41263961791992
			vertex -39.075592041015625 8 41.738792419433594
			vertex -42.79167938232422 8 47.41263961791992
		endloop
	endfacet
	facet normal 0 1 0
		outer loop
			vertex 24.49810218811035 8 45.545467376708984
			vertex 18.674409866333008 8 41.738792419433594
			vertex 24.188587188720703 8 45.383018493652344
		endloop
	endfacet
	facet normal 0 1 0
		outer loop
			vertex 24.49810218811035 8 45.545467376708984
			vertex 18.674409866333008 8 -20.511207580566406
			vertex 18.674409866333008 8 41.738792419433594
		endloop
	endfacet
	facet normal 0 1 0
		outer loop
			vertex 24.49810218811035 8 45.545467376708984
			vertex 24.49810218811035 8 -24.317880630493164
			vertex 18.674409866333008 8 -20.511207580566406
		endloop
	endfacet
	facet normal 0 1 0
		outer loop
			vertex 24.49810218811035 8 45.545467376708984
			vertex 24.759750366210938 8 -24.549678802490234
			vertex 24.49810218811035 8 -24.317880630493164
		endloop
	endfacet
	facet normal 0 1 0
		outer loop
			vertex 22.589069366455078 8 47.700321197509766
			vertex -42.79167938232422 8 47.41263961791992
			vertex -42.99024963378906 8 47.700321197509766
		endloop
	endfacet
	facet normal 0 1 0
		outer loop
			vertex 22.589069366455078 8 47.700321197509766
			vertex 22.3904972076416 8 47.41263961791992
			vertex -42.79167938232422 8 47.41263961791992
		endloop
	endfacet
	facet normal 0 1 0
		outer loop
			vertex 24.759750366210938 8 45.77726364135742
			vertex 24.759750366210938 8 -24.549678802490234
			vertex 24.49810218811035 8 45.545467376708984
		endloop
	endfacet
	facet normal 0 1 0
		outer loop
			vertex 22.85071563720703 8 47.9321174621582
			vertex -42.99024963378906 8 47.700321197509766
			vertex -43.251895904541016 8 47.9321174621582
		endloop
	endfacet
	facet normal 0 1 0
		outer loop
			vertex 22.85071563720703 8 47.9321174621582
			vertex -43.251895904541016 8 47.9321174621582
			vertex -49.075592041015625 8 51.738792419433594
		endloop
	endfacet
	facet normal 0 1 0
		outer loop
			vertex 22.85071563720703 8 47.9321174621582
			vertex 22.589069366455078 8 47.700321197509766
			vertex -42.99024963378906 8 47.700321197509766
		endloop
	endfacet
	facet normal 0 1 0
		outer loop
			vertex 28.674409866333008 8 51.738792419433594
			vertex 22.85071563720703 8 47.9321174621582
			vertex -49.075592041015625 8 51.738792419433594
		endloop
	endfacet
	facet normal 0 1 0
		outer loop
			vertex 28.674409866333008 8 51.738792419433594
			vertex 24.95832061767578 8 46.064945220947266
			vertex 25.082275390625 8 46.39178466796875
		endloop
	endfacet
	facet normal 0 1 0
		outer loop
			vertex 28.674409866333008 8 51.738792419433594
			vertex 25.082275390625 8 46.39178466796875
			vertex 25.124408721923828 8 46.738792419433594
		endloop
	endfacet
	facet normal 0 1 0
		outer loop
			vertex 28.674409866333008 8 51.738792419433594
			vertex 25.124408721923828 8 46.738792419433594
			vertex 25.082275390625 8 47.08580017089844
		endloop
	endfacet
	facet normal 0 1 0
		outer loop
			vertex 28.674409866333008 8 51.738792419433594
			vertex 25.082275390625 8 47.08580017089844
			vertex 24.95832061767578 8 47.41263961791992
		endloop
	endfacet
	facet normal 0 1 0
		outer loop
			vertex 28.674409866333008 8 51.738792419433594
			vertex 24.95832061767578 8 47.41263961791992
			vertex 24.759750366210938 8 47.700321197509766
		endloop
	endfacet
	facet normal 0 1 0
		outer loop
			vertex 28.674409866333008 8 51.738792419433594
			vertex 24.759750366210938 8 47.700321197509766
			vertex 24.49810218811035 8 47.9321174621582
		endloop
	endfacet
	facet normal 0 1 0
		outer loop
			vertex 28.674409866333008 8 51.738792419433594
			vertex 24.49810218811035 8 47.9321174621582
			vertex 24.188587188720703 8 48.094566345214844
		endloop
	endfacet
	facet normal 0 1 0
		outer loop
			vertex 28.674409866333008 8 51.738792419433594
			vertex 24.188587188720703 8 48.094566345214844
			vertex 23.84918785095215 8 48.178218841552734
		endloop
	endfacet
	facet normal 0 1 0
		outer loop
			vertex 28.674409866333008 8 51.738792419433594
			vertex 23.84918785095215 8 48.178218841552734
			vertex 23.499631881713867 8 48.178218841552734
		endloop
	endfacet
	facet normal 0 1 0
		outer loop
			vertex 28.674409866333008 8 51.738792419433594
			vertex 23.499631881713867 8 48.178218841552734
			vertex 23.160232543945312 8 48.094566345214844
		endloop
	endfacet
	facet normal 0 1 0
		outer loop
			vertex 28.674409866333008 8 51.738792419433594
			vertex 23.160232543945312 8 48.094566345214844
			vertex 22.85071563720703 8 47.9321174621582
		endloop
	endfacet
	facet normal 0 1 0
		outer loop
			vertex 28.674409866333008 8 51.738792419433594
			vertex 28.674409866333008 8 -30.511207580566406
			vertex 24.95832061767578 8 -24.837358474731445
		endloop
	endfacet
	facet normal 0 1 0
		outer loop
			vertex 28.674409866333008 8 51.738792419433594
			vertex 24.95832061767578 8 -24.837358474731445
			vertex 24.759750366210938 8 -24.549678802490234
		endloop
	endfacet
	facet normal 0 1 0
		outer loop
			vertex 28.674409866333008 8 51.738792419433594
			vertex 24.759750366210938 8 -24.549678802490234
			vertex 24.95832061767578 8 46.064945220947266
		endloop
	endfacet
	facet normal 0 1 0
		outer loop
			vertex 24.95832061767578 8 46.064945220947266
			vertex 24.759750366210938 8 -24.549678802490234
			vertex 24.759750366210938 8 45.77726364135742
		endloop
	endfacet
	facet normal 0 -1 0
		outer loop
			vertex 85.10071563720703 8 -26.70453453063965
			vertex 84.83906555175781 8 -26.472734451293945
			vertex 80.92440795898438 8 -30.511207580566406
		endloop
	endfacet
	facet normal 0 -1 0
		outer loop
			vertex 84.64049530029297 8 -26.185056686401367
			vertex 80.92440795898438 8 -30.511207580566406
			vertex 84.83906555175781 8 -26.472734451293945
		endloop
	endfacet
	facet normal 0 -1 0
		outer loop
			vertex 85.41023254394531 8 -26.866981506347656
			vertex 85.10071563720703 8 -26.70453453063965
			vertex 80.92440795898438 8 -30.511207580566406
		endloop
	endfacet
	facet normal 0 -1 0
		outer loop
			vertex 84.51654052734375 8 -25.85821533203125
			vertex 80.92440795898438 8 -30.511207580566406
			vertex 84.64049530029297 8 -26.185056686401367
		endloop
	endfacet
	facet normal 0 -1 0
		outer loop
			vertex 85.7496337890625 8 -26.95063591003418
			vertex 85.41023254394531 8 -26.866981506347656
			vertex 80.92440795898438 8 -30.511207580566406
		endloop
	endfacet
	facet normal 0 -1 0
		outer loop
			vertex 84.47441101074219 8 -25.511207580566406
			vertex 80.92440795898438 8 -30.511207580566406
			vertex 84.51654052734375 8 -25.85821533203125
		endloop
	endfacet
	facet normal 0 -1 0
		outer loop
			vertex 86.09918975830078 8 -26.95063591003418
			vertex 85.7496337890625 8 -26.95063591003418
			vertex 80.92440795898438 8 -30.511207580566406
		endloop
	endfacet
	facet normal 0 -1 0
		outer loop
			vertex 84.51654052734375 8 -25.164199829101562
			vertex 80.92440795898438 8 -30.511207580566406
			vertex 84.47441101074219 8 -25.511207580566406
		endloop
	endfacet
	facet normal 0 -1 0
		outer loop
			vertex 86.43858337402344 8 -26.866981506347656
			vertex 86.09918975830078 8 -26.95063591003418
			vertex 80.92440795898438 8 -30.511207580566406
		endloop
	endfacet
	facet normal 0 -1 0
		outer loop
			vertex 84.64049530029297 8 -24.837358474731445
			vertex 80.92440795898438 8 -30.511207580566406
			vertex 84.51654052734375 8 -25.164199829101562
		endloop
	endfacet
	facet normal 0 -1 0
		outer loop
			vertex 86.74810028076172 8 -26.70453453063965
			vertex 86.43858337402344 8 -26.866981506347656
			vertex 80.92440795898438 8 -30.511207580566406
		endloop
	endfacet
	facet normal 0 -1 0
		outer loop
			vertex 90.92440795898438 8 -20.511207580566406
			vertex 87.332275390625 8 -25.85821533203125
			vertex 87.20832061767578 8 -26.185056686401367
		endloop
	endfacet
	facet normal 0 -1 0
		outer loop
			vertex 90.92440795898438 8 -20.511207580566406
			vertex 87.3744125366211 8 -25.511207580566406
			vertex 87.332275390625 8 -25.85821533203125
		endloop
	endfacet
	facet normal 0 -1 0
		outer loop
			vertex 90.92440795898438 8 -20.511207580566406
			vertex 87.332275390625 8 -25.164199829101562
			vertex 87.3744125366211 8 -25.511207580566406
		endloop
	endfacet
	facet normal 0 -1 0
		outer loop
			vertex 90.92440795898438 8 -20.511207580566406
			vertex 87.20832061767578 8 -24.837358474731445
			vertex 87.332275390625 8 -25.164199829101562
		endloop
	endfacet
	facet normal 0 -1 0
		outer loop
			vertex 90.92440795898438 8 -20.511207580566406
			vertex 87.00975036621094 8 -24.549678802490234
			vertex 87.20832061767578 8 -24.837358474731445
		endloop
	endfacet
	facet normal 0 -1 0
		outer loop
			vertex 90.92440795898438 8 -20.511207580566406
			vertex 86.74810028076172 8 -24.317880630493164
			vertex 87.00975036621094 8 -24.549678802490234
		endloop
	endfacet
	facet normal 0 -1 0
		outer loop
			vertex 90.92440795898438 8 -20.511207580566406
			vertex 86.43858337402344 8 -24.155433654785156
			vertex 86.74810028076172 8 -24.317880630493164
		endloop
	endfacet
	facet normal 0 -1 0
		outer loop
			vertex 90.92440795898438 8 -20.511207580566406
			vertex 86.09918975830078 8 -24.071779251098633
			vertex 86.43858337402344 8 -24.155433654785156
		endloop
	endfacet
	facet normal 0 -1 0
		outer loop
			vertex 90.92440795898438 8 -20.511207580566406
			vertex 85.7496337890625 8 -24.071779251098633
			vertex 86.09918975830078 8 -24.071779251098633
		endloop
	endfacet
	facet normal 0 -1 0
		outer loop
			vertex 90.92440795898438 8 -20.511207580566406
			vertex 85.41023254394531 8 -24.155433654785156
			vertex 85.7496337890625 8 -24.071779251098633
		endloop
	endfacet
	facet normal 0 -1 0
		outer loop
			vertex 90.92440795898438 8 -20.511207580566406
			vertex 85.10071563720703 8 -24.317880630493164
			vertex 85.41023254394531 8 -24.155433654785156
		endloop
	endfacet
	facet normal 0 -1 0
		outer loop
			vertex 126.5203857421875 8 -30.511207580566406
			vertex 86.74810028076172 8 -26.70453453063965
			vertex 80.92440795898438 8 -30.511207580566406
		endloop
	endfacet
	facet normal 0 -1 0
		outer loop
			vertex 126.5203857421875 8 -30.511207580566406
			vertex 87.00975036621094 8 -26.472734451293945
			vertex 86.74810028076172 8 -26.70453453063965
		endloop
	endfacet
	facet normal 0 -1 0
		outer loop
			vertex 126.5203857421875 8 -30.511207580566406
			vertex 87.20832061767578 8 -26.185056686401367
			vertex 87.00975036621094 8 -26.472734451293945
		endloop
	endfacet
	facet normal 0 -1 0
		outer loop
			vertex 126.5203857421875 8 -30.511207580566406
			vertex 90.92440795898438 8 -20.511207580566406
			vertex 87.20832061767578 8 -26.185056686401367
		endloop
	endfacet
	facet normal 0 -1 0
		outer loop
			vertex 126.5203857421875 8 -20.511207580566406
			vertex 90.92440795898438 8 -20.511207580566406
			vertex 126.5203857421875 8 -30.511207580566406
		endloop
	endfacet
	facet normal 0 -1 0
		outer loop
			vertex 152.8507080078125 8 -26.70453453063965
			vertex 152.5890655517578 8 -26.472734451293945
			vertex 145.67440795898438 8 -30.511207580566406
		endloop
	endfacet
	facet normal 0 -1 0
		outer loop
			vertex 152.3905029296875 8 -26.185056686401367
			vertex 145.67440795898438 8 -30.511207580566406
			vertex 152.5890655517578 8 -26.472734451293945
		endloop
	endfacet
	facet normal 0 -1 0
		outer loop
			vertex 153.1602325439453 8 -26.866981506347656
			vertex 152.8507080078125 8 -26.70453453063965
			vertex 145.67440795898438 8 -30.511207580566406
		endloop
	endfacet
	facet normal 0 -1 0
		outer loop
			vertex 152.26654052734375 8 -25.85821533203125
			vertex 145.67440795898438 8 -30.511207580566406
			vertex 152.3905029296875 8 -26.185056686401367
		endloop
	endfacet
	facet normal 0 -1 0
		outer loop
			vertex 153.4996337890625 8 -26.95063591003418
			vertex 153.1602325439453 8 -26.866981506347656
			vertex 145.67440795898438 8 -30.511207580566406
		endloop
	endfacet
	facet normal 0 -1 0
		outer loop
			vertex 152.2244110107422 8 -25.511207580566406
			vertex 145.67440795898438 8 -20.511207580566406
			vertex 145.67440795898438 8 -30.511207580566406
		endloop
	endfacet
	facet normal 0 -1 0
		outer loop
			vertex 152.2244110107422 8 -25.511207580566406
			vertex 145.67440795898438 8 -30.511207580566406
			vertex 152.26654052734375 8 -25.85821533203125
		endloop
	endfacet
	facet normal 0 -1 0
		outer loop
			vertex 158.67440795898438 8 -30.511207580566406
			vertex 153.4996337890625 8 -26.95063591003418
			vertex 145.67440795898438 8 -30.511207580566406
		endloop
	endfacet
	facet normal 0 -1 0
		outer loop
			vertex 158.67440795898438 8 -30.511207580566406
			vertex 153.84918212890625 8 -26.95063591003418
			vertex 153.4996337890625 8 -26.95063591003418
		endloop
	endfacet
	facet normal 0 -1 0
		outer loop
			vertex 158.67440795898438 8 -30.511207580566406
			vertex 154.18858337402344 8 -26.866981506347656
			vertex 153.84918212890625 8 -26.95063591003418
		endloop
	endfacet
	facet normal 0 -1 0
		outer loop
			vertex 158.67440795898438 8 -30.511207580566406
			vertex 154.49810791015625 8 -26.70453453063965
			vertex 154.18858337402344 8 -26.866981506347656
		endloop
	endfacet
	facet normal 0 -1 0
		outer loop
			vertex 148.67440795898438 8 -20.511207580566406
			vertex 152.3905029296875 8 -24.837358474731445
			vertex 152.5890655517578 8 -24.549678802490234
		endloop
	endfacet
	facet normal 0 -1 0
		outer loop
			vertex 148.67440795898438 8 -20.511207580566406
			vertex 152.26654052734375 8 -25.164199829101562
			vertex 152.3905029296875 8 -24.837358474731445
		endloop
	endfacet
	facet normal 0 -1 0
		outer loop
			vertex 148.67440795898438 8 -20.511207580566406
			vertex 152.2244110107422 8 -25.511207580566406
			vertex 152.26654052734375 8 -25.164199829101562
		endloop
	endfacet
	facet normal 0 -1 0
		outer loop
			vertex 148.67440795898438 8 -20.511207580566406
			vertex 145.67440795898438 8 -20.511207580566406
			vertex 152.2244110107422 8 -25.511207580566406
		endloop
	endfacet
	facet normal 0 -1 0
		outer loop
			vertex 154.75975036621094 8 -26.472734451293945
			vertex 154.49810791015625 8 -26.70453453063965
			vertex 158.67440795898438 8 -30.511207580566406
		endloop
	endfacet
	facet normal 0 -1 0
		outer loop
			vertex 152.8507080078125 8 -24.317880630493164
			vertex 148.67440795898438 8 -20.511207580566406
			vertex 152.5890655517578 8 -24.549678802490234
		endloop
	endfacet
	facet normal 0 -1 0
		outer loop
			vertex 154.95831298828125 8 -26.185056686401367
			vertex 154.75975036621094 8 -26.472734451293945
			vertex 158.67440795898438 8 -30.511207580566406
		endloop
	endfacet
	facet normal 0 -1 0
		outer loop
			vertex 153.1602325439453 8 -24.155433654785156
			vertex 148.67440795898438 8 -20.511207580566406
			vertex 152.8507080078125 8 -24.317880630493164
		endloop
	endfacet
	facet normal 0 -1 0
		outer loop
			vertex 155.082275390625 8 -25.85821533203125
			vertex 154.95831298828125 8 -26.185056686401367
			vertex 158.67440795898438 8 -30.511207580566406
		endloop
	endfacet
	facet normal 0 -1 0
		outer loop
			vertex 153.4996337890625 8 -24.071779251098633
			vertex 148.67440795898438 8 -20.511207580566406
			vertex 153.1602325439453 8 -24.155433654785156
		endloop
	endfacet
	facet normal 0 -1 0
		outer loop
			vertex 155.12440490722656 8 -25.511207580566406
			vertex 155.082275390625 8 -25.85821533203125
			vertex 158.67440795898438 8 -30.511207580566406
		endloop
	endfacet
	facet normal 0 -1 0
		outer loop
			vertex 153.84918212890625 8 -24.071779251098633
			vertex 148.67440795898438 8 -20.511207580566406
			vertex 153.4996337890625 8 -24.071779251098633
		endloop
	endfacet
	facet normal 0 -1 0
		outer loop
			vertex 155.082275390625 8 -25.164199829101562
			vertex 155.12440490722656 8 -25.511207580566406
			vertex 158.67440795898438 8 -30.511207580566406
		endloop
	endfacet
	facet normal 0 -1 0
		outer loop
			vertex 154.18858337402344 8 -24.155433654785156
			vertex 148.67440795898438 8 -20.511207580566406
			vertex 153.84918212890625 8 -24.071779251098633
		endloop
	endfacet
	facet normal 0 -1 0
		outer loop
			vertex 154.95831298828125 8 -24.837358474731445
			vertex 155.082275390625 8 -25.164199829101562
			vertex 158.67440795898438 8 -30.511207580566406
		endloop
	endfacet
	facet normal 0 -1 0
		outer loop
			vertex 154.49810791015625 8 -24.317880630493164
			vertex 148.67440795898438 8 -20.511207580566406
			vertex 154.18858337402344 8 -24.155433654785156
		endloop
	endfacet
	facet normal 0 -1 0
		outer loop
			vertex 85.10071563720703 8 45.545467376708984
			vertex 84.83906555175781 8 45.77726364135742
			vertex 84.83906555175781 8 -24.549678802490234
		endloop
	endfacet
	facet normal 0 -1 0
		outer loop
			vertex 85.10071563720703 8 45.545467376708984
			vertex 84.83906555175781 8 -24.549678802490234
			vertex 85.10071563720703 8 -24.317880630493164
		endloop
	endfacet
	facet normal 0 -1 0
		outer loop
			vertex 84.64049530029297 8 46.064945220947266
			vertex 84.83906555175781 8 -24.549678802490234
			vertex 84.83906555175781 8 45.77726364135742
		endloop
	endfacet
	facet normal 0 -1 0
		outer loop
			vertex 84.64049530029297 8 46.064945220947266
			vertex 84.64049530029297 8 -24.837358474731445
			vertex 84.83906555175781 8 -24.549678802490234
		endloop
	endfacet
	facet normal 0 -1 0
		outer loop
			vertex 90.92440795898438 8 41.738792419433594
			vertex 85.41023254394531 8 45.383018493652344
			vertex 85.10071563720703 8 45.545467376708984
		endloop
	endfacet
	facet normal 0 -1 0
		outer loop
			vertex 90.92440795898438 8 41.738792419433594
			vertex 85.7496337890625 8 45.29936599731445
			vertex 85.41023254394531 8 45.383018493652344
		endloop
	endfacet
	facet normal 0 -1 0
		outer loop
			vertex 90.92440795898438 8 41.738792419433594
			vertex 86.09918975830078 8 45.29936599731445
			vertex 85.7496337890625 8 45.29936599731445
		endloop
	endfacet
	facet normal 0 -1 0
		outer loop
			vertex 90.92440795898438 8 41.738792419433594
			vertex 86.43858337402344 8 45.383018493652344
			vertex 86.09918975830078 8 45.29936599731445
		endloop
	endfacet
	facet normal 0 -1 0
		outer loop
			vertex 90.92440795898438 8 41.738792419433594
			vertex 86.74810028076172 8 45.545467376708984
			vertex 86.43858337402344 8 45.383018493652344
		endloop
	endfacet
	facet normal 0 -1 0
		outer loop
			vertex 90.92440795898438 8 41.738792419433594
			vertex 85.10071563720703 8 45.545467376708984
			vertex 85.10071563720703 8 -24.317880630493164
		endloop
	endfacet
	facet normal 0 -1 0
		outer loop
			vertex 90.92440795898438 8 41.738792419433594
			vertex 85.10071563720703 8 -24.317880630493164
			vertex 90.92440795898438 8 -20.511207580566406
		endloop
	endfacet
	facet normal 0 -1 0
		outer loop
			vertex 80.92440795898438 8 51.738792419433594
			vertex 84.51654052734375 8 46.39178466796875
			vertex 84.47441101074219 8 46.738792419433594
		endloop
	endfacet
	facet normal 0 -1 0
		outer loop
			vertex 80.92440795898438 8 51.738792419433594
			vertex 84.64049530029297 8 46.064945220947266
			vertex 84.51654052734375 8 46.39178466796875
		endloop
	endfacet
	facet normal 0 -1 0
		outer loop
			vertex 80.92440795898438 8 51.738792419433594
			vertex 84.64049530029297 8 47.41263961791992
			vertex 84.83906555175781 8 47.700321197509766
		endloop
	endfacet
	facet normal 0 -1 0
		outer loop
			vertex 80.92440795898438 8 51.738792419433594
			vertex 84.51654052734375 8 47.08580017089844
			vertex 84.64049530029297 8 47.41263961791992
		endloop
	endfacet
	facet normal 0 -1 0
		outer loop
			vertex 80.92440795898438 8 51.738792419433594
			vertex 84.47441101074219 8 46.738792419433594
			vertex 84.51654052734375 8 47.08580017089844
		endloop
	endfacet
	facet normal 0 -1 0
		outer loop
			vertex 80.92440795898438 8 51.738792419433594
			vertex 80.92440795898438 8 -30.511207580566406
			vertex 84.64049530029297 8 -24.837358474731445
		endloop
	endfacet
	facet normal 0 -1 0
		outer loop
			vertex 80.92440795898438 8 51.738792419433594
			vertex 84.64049530029297 8 -24.837358474731445
			vertex 84.64049530029297 8 46.064945220947266
		endloop
	endfacet
	facet normal 0 -1 0
		outer loop
			vertex 87.00975036621094 8 45.77726364135742
			vertex 86.74810028076172 8 45.545467376708984
			vertex 90.92440795898438 8 41.738792419433594
		endloop
	endfacet
	facet normal 0 -1 0
		outer loop
			vertex 85.10071563720703 8 47.9321174621582
			vertex 80.92440795898438 8 51.738792419433594
			vertex 84.83906555175781 8 47.700321197509766
		endloop
	endfacet
	facet normal 0 -1 0
		outer loop
			vertex 87.20832061767578 8 46.064945220947266
			vertex 87.00975036621094 8 45.77726364135742
			vertex 90.92440795898438 8 41.738792419433594
		endloop
	endfacet
	facet normal 0 -1 0
		outer loop
			vertex 85.41023254394531 8 48.094566345214844
			vertex 80.92440795898438 8 51.738792419433594
			vertex 85.10071563720703 8 47.9321174621582
		endloop
	endfacet
	facet normal 0 -1 0
		outer loop
			vertex 87.332275390625 8 46.39178466796875
			vertex 87.20832061767578 8 46.064945220947266
			vertex 90.92440795898438 8 41.738792419433594
		endloop
	endfacet
	facet normal 0 -1 0
		outer loop
			vertex 85.7496337890625 8 48.178218841552734
			vertex 80.92440795898438 8 51.738792419433594
			vertex 85.41023254394531 8 48.094566345214844
		endloop
	endfacet
	facet normal 0 -1 0
		outer loop
			vertex 87.3744125366211 8 46.738792419433594
			vertex 87.332275390625 8 46.39178466796875
			vertex 90.92440795898438 8 41.738792419433594
		endloop
	endfacet
	facet normal 0 -1 0
		outer loop
			vertex 86.09918975830078 8 48.178218841552734
			vertex 80.92440795898438 8 51.738792419433594
			vertex 85.7496337890625 8 48.178218841552734
		endloop
	endfacet
	facet normal 0 -1 0
		outer loop
			vertex 87.332275390625 8 47.08580017089844
			vertex 87.3744125366211 8 46.738792419433594
			vertex 90.92440795898438 8 41.738792419433594
		endloop
	endfacet
	facet normal 0 -1 0
		outer loop
			vertex 86.43858337402344 8 48.094566345214844
			vertex 80.92440795898438 8 51.738792419433594
			vertex 86.09918975830078 8 48.178218841552734
		endloop
	endfacet
	facet normal 0 -1 0
		outer loop
			vertex 87.20832061767578 8 47.41263961791992
			vertex 87.332275390625 8 47.08580017089844
			vertex 90.92440795898438 8 41.738792419433594
		endloop
	endfacet
	facet normal 0 -1 0
		outer loop
			vertex 86.74810028076172 8 47.9321174621582
			vertex 80.92440795898438 8 51.738792419433594
			vertex 86.43858337402344 8 48.094566345214844
		endloop
	endfacet
	facet normal 0 -1 0
		outer loop
			vertex 148.67440795898438 8 41.738792419433594
			vertex 87.20832061767578 8 47.41263961791992
			vertex 90.92440795898438 8 41.738792419433594
		endloop
	endfacet
	facet normal 0 -1 0
		outer loop
			vertex 152.8507080078125 8 45.545467376708984
			vertex 152.5890655517578 8 45.77726364135742
			vertex 148.67440795898438 8 41.738792419433594
		endloop
	endfacet
	facet normal 0 -1 0
		outer loop
			vertex 152.3905029296875 8 46.064945220947266
			vertex 148.67440795898438 8 41.738792419433594
			vertex 152.5890655517578 8 45.77726364135742
		endloop
	endfacet
	facet normal 0 -1 0
		outer loop
			vertex 153.1602325439453 8 45.383018493652344
			vertex 152.8507080078125 8 45.545467376708984
			vertex 148.67440795898438 8 41.738792419433594
		endloop
	endfacet
	facet normal 0 -1 0
		outer loop
			vertex 152.26654052734375 8 46.39178466796875
			vertex 148.67440795898438 8 41.738792419433594
			vertex 152.3905029296875 8 46.064945220947266
		endloop
	endfacet
	facet normal 0 -1 0
		outer loop
			vertex 153.4996337890625 8 45.29936599731445
			vertex 153.1602325439453 8 45.383018493652344
			vertex 148.67440795898438 8 41.738792419433594
		endloop
	endfacet
	facet normal 0 -1 0
		outer loop
			vertex 152.2244110107422 8 46.738792419433594
			vertex 148.67440795898438 8 41.738792419433594
			vertex 152.26654052734375 8 46.39178466796875
		endloop
	endfacet
	facet normal 0 -1 0
		outer loop
			vertex 153.84918212890625 8 45.29936599731445
			vertex 153.4996337890625 8 45.29936599731445
			vertex 148.67440795898438 8 41.738792419433594
		endloop
	endfacet
	facet normal 0 -1 0
		outer loop
			vertex 152.26654052734375 8 47.08580017089844
			vertex 148.67440795898438 8 41.738792419433594
			vertex 152.2244110107422 8 46.738792419433594
		endloop
	endfacet
	facet normal 0 -1 0
		outer loop
			vertex 154.18858337402344 8 45.383018493652344
			vertex 153.84918212890625 8 45.29936599731445
			vertex 148.67440795898438 8 41.738792419433594
		endloop
	endfacet
	facet normal 0 -1 0
		outer loop
			vertex 152.3905029296875 8 47.41263961791992
			vertex 148.67440795898438 8 41.738792419433594
			vertex 152.26654052734375 8 47.08580017089844
		endloop
	endfacet
	facet normal 0 -1 0
		outer loop
			vertex 152.3905029296875 8 47.41263961791992
			vertex 87.00975036621094 8 47.700321197509766
			vertex 87.20832061767578 8 47.41263961791992
		endloop
	endfacet
	facet normal 0 -1 0
		outer loop
			vertex 152.3905029296875 8 47.41263961791992
			vertex 87.20832061767578 8 47.41263961791992
			vertex 148.67440795898438 8 41.738792419433594
		endloop
	endfacet
	facet normal 0 -1 0
		outer loop
			vertex 154.49810791015625 8 45.545467376708984
			vertex 154.18858337402344 8 45.383018493652344
			vertex 148.67440795898438 8 41.738792419433594
		endloop
	endfacet
	facet normal 0 -1 0
		outer loop
			vertex 154.49810791015625 8 45.545467376708984
			vertex 148.67440795898438 8 41.738792419433594
			vertex 148.67440795898438 8 -20.511207580566406
		endloop
	endfacet
	facet normal 0 -1 0
		outer loop
			vertex 154.49810791015625 8 45.545467376708984
			vertex 154.49810791015625 8 -24.317880630493164
			vertex 154.75975036621094 8 -24.549678802490234
		endloop
	endfacet
	facet normal 0 -1 0
		outer loop
			vertex 154.49810791015625 8 45.545467376708984
			vertex 148.67440795898438 8 -20.511207580566406
			vertex 154.49810791015625 8 -24.317880630493164
		endloop
	endfacet
	facet normal 0 -1 0
		outer loop
			vertex 152.5890655517578 8 47.700321197509766
			vertex 87.00975036621094 8 47.700321197509766
			vertex 152.3905029296875 8 47.41263961791992
		endloop
	endfacet
	facet normal 0 -1 0
		outer loop
			vertex 154.75975036621094 8 45.77726364135742
			vertex 154.49810791015625 8 45.545467376708984
			vertex 154.75975036621094 8 -24.549678802490234
		endloop
	endfacet
	facet normal 0 -1 0
		outer loop
			vertex 152.8507080078125 8 47.9321174621582
			vertex 87.00975036621094 8 47.700321197509766
			vertex 152.5890655517578 8 47.700321197509766
		endloop
	endfacet
	facet normal 0 -1 0
		outer loop
			vertex 152.8507080078125 8 47.9321174621582
			vertex 86.74810028076172 8 47.9321174621582
			vertex 87.00975036621094 8 47.700321197509766
		endloop
	endfacet
	facet normal 0 -1 0
		outer loop
			vertex 152.8507080078125 8 47.9321174621582
			vertex 80.92440795898438 8 51.738792419433594
			vertex 86.74810028076172 8 47.9321174621582
		endloop
	endfacet
	facet normal 0 -1 0
		outer loop
			vertex 158.67440795898438 8 51.738792419433594
			vertex 80.92440795898438 8 51.738792419433594
			vertex 152.8507080078125 8 47.9321174621582
		endloop
	endfacet
	facet normal 0 -1 0
		outer loop
			vertex 158.67440795898438 8 51.738792419433594
			vertex 155.082275390625 8 46.39178466796875
			vertex 154.95831298828125 8 46.064945220947266
		endloop
	endfacet
	facet normal 0 -1 0
		outer loop
			vertex 158.67440795898438 8 51.738792419433594
			vertex 155.12440490722656 8 46.738792419433594
			vertex 155.082275390625 8 46.39178466796875
		endloop
	endfacet
	facet normal 0 -1 0
		outer loop
			vertex 158.67440795898438 8 51.738792419433594
			vertex 155.082275390625 8 47.08580017089844
			vertex 155.12440490722656 8 46.738792419433594
		endloop
	endfacet
	facet normal 0 -1 0
		outer loop
			vertex 158.67440795898438 8 51.738792419433594
			vertex 154.95831298828125 8 47.41263961791992
			vertex 155.082275390625 8 47.08580017089844
		endloop
	endfacet
	facet normal 0 -1 0
		outer loop
			vertex 158.67440795898438 8 51.738792419433594
			vertex 154.75975036621094 8 47.700321197509766
			vertex 154.95831298828125 8 47.41263961791992
		endloop
	endfacet
	facet normal 0 -1 0
		outer loop
			vertex 158.67440795898438 8 51.738792419433594
			vertex 154.49810791015625 8 47.9321174621582
			vertex 154.75975036621094 8 47.700321197509766
		endloop
	endfacet
	facet normal 0 -1 0
		outer loop
			vertex 158.67440795898438 8 51.738792419433594
			vertex 154.18858337402344 8 48.094566345214844
			vertex 154.49810791015625 8 47.9321174621582
		endloop
	endfacet
	facet normal 0 -1 0
		outer loop
			vertex 158.67440795898438 8 51.738792419433594
			vertex 153.84918212890625 8 48.178218841552734
			vertex 154.18858337402344 8 48.094566345214844
		endloop
	endfacet
	facet normal 0 -1 0
		outer loop
			vertex 158.67440795898438 8 51.738792419433594
			vertex 153.4996337890625 8 48.178218841552734
			vertex 153.84918212890625 8 48.178218841552734
		endloop
	endfacet
	facet normal 0 -1 0
		outer loop
			vertex 158.67440795898438 8 51.738792419433594
			vertex 153.1602325439453 8 48.094566345214844
			vertex 153.4996337890625 8 48.178218841552734
		endloop
	endfacet
	facet normal 0 -1 0
		outer loop
			vertex 158.67440795898438 8 51.738792419433594
			vertex 152.8507080078125 8 47.9321174621582
			vertex 153.1602325439453 8 48.094566345214844
		endloop
	endfacet
	facet normal 0 -1 0
		outer loop
			vertex 158.67440795898438 8 51.738792419433594
			vertex 154.95831298828125 8 -24.837358474731445
			vertex 158.67440795898438 8 -30.511207580566406
		endloop
	endfacet
	facet normal 0 -1 0
		outer loop
			vertex 158.67440795898438 8 51.738792419433594
			vertex 154.75975036621094 8 -24.549678802490234
			vertex 154.95831298828125 8 -24.837358474731445
		endloop
	endfacet
	facet normal 0 -1 0
		outer loop
			vertex 158.67440795898438 8 51.738792419433594
			vertex 154.95831298828125 8 46.064945220947266
			vertex 154.75975036621094 8 -24.549678802490234
		endloop
	endfacet
	facet normal 0 -1 0
		outer loop
			vertex 154.95831298828125 8 46.064945220947266
			vertex 154.75975036621094 8 45.77726364135742
			vertex 154.75975036621094 8 -24.549678802490234
		endloop
	endfacet
	facet normal 0 0 -1
		outer loop
			vertex 90.92440795898438 8 41.738792419433594
			vertex 148.67440795898438 10 41.738792419433594
			vertex 148.67440795898438 8 41.738792419433594
		endloop
	endfacet
	facet normal 0 0 -1
		outer loop
			vertex 90.92440795898438 10 41.738792419433594
			vertex 148.67440795898438 10 41.738792419433594
			vertex 90.92440795898438 8 41.738792419433594
		endloop
	endfacet
	facet normal 1 0 0
		outer loop
			vertex 90.92440795898438 10 -20.511207580566406
			vertex 90.92440795898438 8 41.738792419433594
			vertex 90.92440795898438 8 -20.511207580566406
		endloop
	endfacet
	facet normal 1 0 0
		outer loop
			vertex 90.92440795898438 10 -20.511207580566406
			vertex 90.92440795898438 10 41.738792419433594
			vertex 90.92440795898438 8 41.738792419433594
		endloop
	endfacet
	facet normal 0 0 1
		outer loop
			vertex 126.5203857421875 8 -20.511207580566406
			vertex 90.92440795898438 10 -20.511207580566406
			vertex 90.92440795898438 8 -20.511207580566406
		endloop
	endfacet
	facet normal 0 0 1
		outer loop
			vertex 126.5203857421875 10 -20.511207580566406
			vertex 90.92440795898438 10 -20.511207580566406
			vertex 126.5203857421875 8 -20.511207580566406
		endloop
	endfacet
	facet normal 0 0 -1
		outer loop
			vertex 80.92440795898438 16 -30.511207580566406
			vertex 126.5203857421875 8 -30.511207580566406
			vertex 80.92440795898438 8 -30.511207580566406
		endloop
	endfacet
	facet normal 0 0 -1
		outer loop
			vertex 80.92440795898438 16 -30.511207580566406
			vertex 126.5203857421875 16 -30.511207580566406
			vertex 126.5203857421875 8 -30.511207580566406
		endloop
	endfacet
	facet normal -1 0 0
		outer loop
			vertex 80.92440795898438 16 51.738792419433594
			vertex 80.92440795898438 8 -30.511207580566406
			vertex 80.92440795898438 8 51.738792419433594
		endloop
	endfacet
	facet normal -1 0 0
		outer loop
			vertex 80.92440795898438 16 51.738792419433594
			vertex 80.92440795898438 16 -30.511207580566406
			vertex 80.92440795898438 8 -30.511207580566406
		endloop
	endfacet
	facet normal 0 0 -1
		outer loop
			vertex 145.67440795898438 16 -30.511207580566406
			vertex 158.67440795898438 8 -30.511207580566406
			vertex 145.67440795898438 8 -30.511207580566406
		endloop
	endfacet
	facet normal 0 0 -1
		outer loop
			vertex 145.67440795898438 16 -30.511207580566406
			vertex 158.67440795898438 16 -30.511207580566406
			vertex 158.67440795898438 8 -30.511207580566406
		endloop
	endfacet
	facet normal 0 0 1
		outer loop
			vertex 148.67440795898438 10 -20.511207580566406
			vertex 145.67440795898438 8 -20.511207580566406
			vertex 148.67440795898438 8 -20.511207580566406
		endloop
	endfacet
	facet normal 0 0 1
		outer loop
			vertex 148.67440795898438 10 -20.511207580566406
			vertex 145.67440795898438 10 -20.511207580566406
			vertex 145.67440795898438 8 -20.511207580566406
		endloop
	endfacet
	facet normal 0 0 1
		outer loop
			vertex 158.67440795898438 16 51.738792419433594
			vertex 80.92440795898438 8 51.738792419433594
			vertex 158.67440795898438 8 51.738792419433594
		endloop
	endfacet
	facet normal 0 0 1
		outer loop
			vertex 158.67440795898438 16 51.738792419433594
			vertex 80.92440795898438 16 51.738792419433594
			vertex 80.92440795898438 8 51.738792419433594
		endloop
	endfacet
	facet normal 1 0 0
		outer loop
			vertex 158.67440795898438 16 -30.511207580566406
			vertex 158.67440795898438 8 51.738792419433594
			vertex 158.67440795898438 8 -30.511207580566406
		endloop
	endfacet
	facet normal 1 0 0
		outer loop
			vertex 158.67440795898438 16 -30.511207580566406
			vertex 158.67440795898438 16 51.738792419433594
			vertex 158.67440795898438 8 51.738792419433594
		endloop
	endfacet
	facet normal -1 0 0
		outer loop
			vertex 148.67440795898438 10 41.738792419433594
			vertex 148.67440795898438 8 -20.511207580566406
			vertex 148.67440795898438 8 41.738792419433594
		endloop
	endfacet
	facet normal -1 0 0
		outer loop
			vertex 148.67440795898438 10 41.738792419433594
			vertex 148.67440795898438 10 -20.511207580566406
			vertex 148.67440795898438 8 -20.511207580566406
		endloop
	endfacet
	facet normal 1 0 0
		outer loop
			vertex 126.5203857421875 10 -20.511207580566406
			vertex 126.5203857421875 16 -17.511207580566406
			vertex 126.5203857421875 10 -17.511207580566406
		endloop
	endfacet
	facet normal 1 0 0
		outer loop
			vertex 126.5203857421875 16 -30.511207580566406
			vertex 126.5203857421875 16 -17.511207580566406
			vertex 126.5203857421875 10 -20.511207580566406
		endloop
	endfacet
	facet normal 1 0 0
		outer loop
			vertex 126.5203857421875 8 -30.511207580566406
			vertex 126.5203857421875 10 -20.511207580566406
			vertex 126.5203857421875 8 -20.511207580566406
		endloop
	endfacet
	facet normal 1 0 0
		outer loop
			vertex 126.5203857421875 8 -30.511207580566406
			vertex 126.5203857421875 16 -30.511207580566406
			vertex 126.5203857421875 10 -20.511207580566406
		endloop
	endfacet
	facet normal 0 -1 0
		outer loop
			vertex 126.5203857421875 10 -20.511207580566406
			vertex 93.92440795898438 10 -17.511207580566406
			vertex 90.92440795898438 10 -20.511207580566406
		endloop
	endfacet
	facet normal 0 -1 0
		outer loop
			vertex 126.5203857421875 10 -17.511207580566406
			vertex 93.92440795898438 10 -17.511207580566406
			vertex 126.5203857421875 10 -20.511207580566406
		endloop
	endfacet
	facet normal 0 -1 0
		outer loop
			vertex 93.92440795898438 10 38.738792419433594
			vertex 90.92440795898438 10 41.738792419433594
			vertex 90.92440795898438 10 -20.511207580566406
		endloop
	endfacet
	facet normal 0 -1 0
		outer loop
			vertex 93.92440795898438 10 38.738792419433594
			vertex 90.92440795898438 10 -20.511207580566406
			vertex 93.92440795898438 10 -17.511207580566406
		endloop
	endfacet
	facet normal 0 -1 0
		outer loop
			vertex 145.67440795898438 10 38.738792419433594
			vertex 145.67440795898438 10 -20.511207580566406
			vertex 148.67440795898438 10 -20.511207580566406
		endloop
	endfacet
	facet normal 0 -1 0
		outer loop
			vertex 145.67440795898438 10 38.738792419433594
			vertex 90.92440795898438 10 41.738792419433594
			vertex 93.92440795898438 10 38.738792419433594
		endloop
	endfacet
	facet normal 0 -1 0
		outer loop
			vertex 148.67440795898438 10 41.738792419433594
			vertex 90.92440795898438 10 41.738792419433594
			vertex 145.67440795898438 10 38.738792419433594
		endloop
	endfacet
	facet normal 0 -1 0
		outer loop
			vertex 148.67440795898438 10 41.738792419433594
			vertex 145.67440795898438 10 38.738792419433594
			vertex 148.67440795898438 10 -20.511207580566406
		endloop
	endfacet
	facet normal 0 1 0
		outer loop
			vertex 85.10071563720703 16 -26.70453453063965
			vertex 80.92440795898438 16 -30.511207580566406
			vertex 84.83906555175781 16 -26.472734451293945
		endloop
	endfacet
	facet normal 0 1 0
		outer loop
			vertex 84.64049530029297 16 -26.185056686401367
			vertex 84.83906555175781 16 -26.472734451293945
			vertex 80.92440795898438 16 -30.511207580566406
		endloop
	endfacet
	facet normal 0 1 0
		outer loop
			vertex 85.41023254394531 16 -26.866981506347656
			vertex 80.92440795898438 16 -30.511207580566406
			vertex 85.10071563720703 16 -26.70453453063965
		endloop
	endfacet
	facet normal 0 1 0
		outer loop
			vertex 84.51654052734375 16 -25.85821533203125
			vertex 84.64049530029297 16 -26.185056686401367
			vertex 80.92440795898438 16 -30.511207580566406
		endloop
	endfacet
	facet normal 0 1 0
		outer loop
			vertex 85.7496337890625 16 -26.95063591003418
			vertex 80.92440795898438 16 -30.511207580566406
			vertex 85.41023254394531 16 -26.866981506347656
		endloop
	endfacet
	facet normal 0 1 0
		outer loop
			vertex 84.47441101074219 16 -25.511207580566406
			vertex 84.51654052734375 16 -25.85821533203125
			vertex 80.92440795898438 16 -30.511207580566406
		endloop
	endfacet
	facet normal 0 1 0
		outer loop
			vertex 86.09918975830078 16 -26.95063591003418
			vertex 80.92440795898438 16 -30.511207580566406
			vertex 85.7496337890625 16 -26.95063591003418
		endloop
	endfacet
	facet normal 0 1 0
		outer loop
			vertex 84.51654052734375 16 -25.164199829101562
			vertex 84.47441101074219 16 -25.511207580566406
			vertex 80.92440795898438 16 -30.511207580566406
		endloop
	endfacet
	facet normal 0 1 0
		outer loop
			vertex 86.43858337402344 16 -26.866981506347656
			vertex 80.92440795898438 16 -30.511207580566406
			vertex 86.09918975830078 16 -26.95063591003418
		endloop
	endfacet
	facet normal 0 1 0
		outer loop
			vertex 84.64049530029297 16 -24.837358474731445
			vertex 84.51654052734375 16 -25.164199829101562
			vertex 80.92440795898438 16 -30.511207580566406
		endloop
	endfacet
	facet normal 0 1 0
		outer loop
			vertex 86.74810028076172 16 -26.70453453063965
			vertex 80.92440795898438 16 -30.511207580566406
			vertex 86.43858337402344 16 -26.866981506347656
		endloop
	endfacet
	facet normal 0 1 0
		outer loop
			vertex 93.92440795898438 16 -17.511207580566406
			vertex 87.20832061767578 16 -26.185056686401367
			vertex 87.332275390625 16 -25.85821533203125
		endloop
	endfacet
	facet normal 0 1 0
		outer loop
			vertex 93.92440795898438 16 -17.511207580566406
			vertex 87.332275390625 16 -25.85821533203125
			vertex 87.3744125366211 16 -25.511207580566406
		endloop
	endfacet
	facet normal 0 1 0
		outer loop
			vertex 93.92440795898438 16 -17.511207580566406
			vertex 87.3744125366211 16 -25.511207580566406
			vertex 87.332275390625 16 -25.164199829101562
		endloop
	endfacet
	facet normal 0 1 0
		outer loop
			vertex 93.92440795898438 16 -17.511207580566406
			vertex 87.332275390625 16 -25.164199829101562
			vertex 87.20832061767578 16 -24.837358474731445
		endloop
	endfacet
	facet normal 0 1 0
		outer loop
			vertex 93.92440795898438 16 -17.511207580566406
			vertex 87.20832061767578 16 -24.837358474731445
			vertex 87.00975036621094 16 -24.549678802490234
		endloop
	endfacet
	facet normal 0 1 0
		outer loop
			vertex 93.92440795898438 16 -17.511207580566406
			vertex 87.00975036621094 16 -24.549678802490234
			vertex 86.74810028076172 16 -24.317880630493164
		endloop
	endfacet
	facet normal 0 1 0
		outer loop
			vertex 93.92440795898438 16 -17.511207580566406
			vertex 86.74810028076172 16 -24.317880630493164
			vertex 86.43858337402344 16 -24.155433654785156
		endloop
	endfacet
	facet normal 0 1 0
		outer loop
			vertex 93.92440795898438 16 -17.511207580566406
			vertex 86.43858337402344 16 -24.155433654785156
			vertex 86.09918975830078 16 -24.071779251098633
		endloop
	endfacet
	facet normal 0 1 0
		outer loop
			vertex 93.92440795898438 16 -17.511207580566406
			vertex 86.09918975830078 16 -24.071779251098633
			vertex 85.7496337890625 16 -24.071779251098633
		endloop
	endfacet
	facet normal 0 1 0
		outer loop
			vertex 93.92440795898438 16 -17.511207580566406
			vertex 85.7496337890625 16 -24.071779251098633
			vertex 85.41023254394531 16 -24.155433654785156
		endloop
	endfacet
	facet normal 0 1 0
		outer loop
			vertex 93.92440795898438 16 -17.511207580566406
			vertex 85.41023254394531 16 -24.155433654785156
			vertex 85.10071563720703 16 -24.317880630493164
		endloop
	endfacet
	facet normal 0 1 0
		outer loop
			vertex 126.5203857421875 16 -30.511207580566406
			vertex 80.92440795898438 16 -30.511207580566406
			vertex 86.74810028076172 16 -26.70453453063965
		endloop
	endfacet
	facet normal 0 1 0
		outer loop
			vertex 126.5203857421875 16 -30.511207580566406
			vertex 86.74810028076172 16 -26.70453453063965
			vertex 87.00975036621094 16 -26.472734451293945
		endloop
	endfacet
	facet normal 0 1 0
		outer loop
			vertex 126.5203857421875 16 -30.511207580566406
			vertex 87.00975036621094 16 -26.472734451293945
			vertex 87.20832061767578 16 -26.185056686401367
		endloop
	endfacet
	facet normal 0 1 0
		outer loop
			vertex 126.5203857421875 16 -30.511207580566406
			vertex 87.20832061767578 16 -26.185056686401367
			vertex 93.92440795898438 16 -17.511207580566406
		endloop
	endfacet
	facet normal 0 1 0
		outer loop
			vertex 126.5203857421875 16 -17.511207580566406
			vertex 126.5203857421875 16 -30.511207580566406
			vertex 93.92440795898438 16 -17.511207580566406
		endloop
	endfacet
	facet normal 0 1 0
		outer loop
			vertex 152.8507080078125 16 -26.70453453063965
			vertex 145.67440795898438 16 -30.511207580566406
			vertex 152.5890655517578 16 -26.472734451293945
		endloop
	endfacet
	facet normal 0 1 0
		outer loop
			vertex 152.3905029296875 16 -26.185056686401367
			vertex 152.5890655517578 16 -26.472734451293945
			vertex 145.67440795898438 16 -30.511207580566406
		endloop
	endfacet
	facet normal 0 1 0
		outer loop
			vertex 153.1602325439453 16 -26.866981506347656
			vertex 145.67440795898438 16 -30.511207580566406
			vertex 152.8507080078125 16 -26.70453453063965
		endloop
	endfacet
	facet normal 0 1 0
		outer loop
			vertex 152.26654052734375 16 -25.85821533203125
			vertex 152.3905029296875 16 -26.185056686401367
			vertex 145.67440795898438 16 -30.511207580566406
		endloop
	endfacet
	facet normal 0 1 0
		outer loop
			vertex 153.4996337890625 16 -26.95063591003418
			vertex 145.67440795898438 16 -30.511207580566406
			vertex 153.1602325439453 16 -26.866981506347656
		endloop
	endfacet
	facet normal 0 1 0
		outer loop
			vertex 152.2244110107422 16 -25.511207580566406
			vertex 152.26654052734375 16 -25.85821533203125
			vertex 145.67440795898438 16 -30.511207580566406
		endloop
	endfacet
	facet normal 0 1 0
		outer loop
			vertex 152.26654052734375 16 -25.164199829101562
			vertex 152.2244110107422 16 -25.511207580566406
			vertex 145.67440795898438 16 -30.511207580566406
		endloop
	endfacet
	facet normal 0 1 0
		outer loop
			vertex 152.3905029296875 16 -24.837358474731445
			vertex 152.26654052734375 16 -25.164199829101562
			vertex 145.67440795898438 16 -30.511207580566406
		endloop
	endfacet
	facet normal 0 1 0
		outer loop
			vertex 158.67440795898438 16 -30.511207580566406
			vertex 145.67440795898438 16 -30.511207580566406
			vertex 153.4996337890625 16 -26.95063591003418
		endloop
	endfacet
	facet normal 0 1 0
		outer loop
			vertex 158.67440795898438 16 -30.511207580566406
			vertex 153.4996337890625 16 -26.95063591003418
			vertex 153.84918212890625 16 -26.95063591003418
		endloop
	endfacet
	facet normal 0 1 0
		outer loop
			vertex 158.67440795898438 16 -30.511207580566406
			vertex 153.84918212890625 16 -26.95063591003418
			vertex 154.18858337402344 16 -26.866981506347656
		endloop
	endfacet
	facet normal 0 1 0
		outer loop
			vertex 158.67440795898438 16 -30.511207580566406
			vertex 154.18858337402344 16 -26.866981506347656
			vertex 154.49810791015625 16 -26.70453453063965
		endloop
	endfacet
	facet normal 0 1 0
		outer loop
			vertex 154.75975036621094 16 -26.472734451293945
			vertex 158.67440795898438 16 -30.511207580566406
			vertex 154.49810791015625 16 -26.70453453063965
		endloop
	endfacet
	facet normal 0 1 0
		outer loop
			vertex 154.95831298828125 16 -26.185056686401367
			vertex 158.67440795898438 16 -30.511207580566406
			vertex 154.75975036621094 16 -26.472734451293945
		endloop
	endfacet
	facet normal 0 1 0
		outer loop
			vertex 155.082275390625 16 -25.85821533203125
			vertex 158.67440795898438 16 -30.511207580566406
			vertex 154.95831298828125 16 -26.185056686401367
		endloop
	endfacet
	facet normal 0 1 0
		outer loop
			vertex 155.12440490722656 16 -25.511207580566406
			vertex 158.67440795898438 16 -30.511207580566406
			vertex 155.082275390625 16 -25.85821533203125
		endloop
	endfacet
	facet normal 0 1 0
		outer loop
			vertex 155.082275390625 16 -25.164199829101562
			vertex 158.67440795898438 16 -30.511207580566406
			vertex 155.12440490722656 16 -25.511207580566406
		endloop
	endfacet
	facet normal 0 1 0
		outer loop
			vertex 154.95831298828125 16 -24.837358474731445
			vertex 158.67440795898438 16 -30.511207580566406
			vertex 155.082275390625 16 -25.164199829101562
		endloop
	endfacet
	facet normal 0 1 0
		outer loop
			vertex 85.10071563720703 16 45.545467376708984
			vertex 84.83906555175781 16 -24.549678802490234
			vertex 84.83906555175781 16 45.77726364135742
		endloop
	endfacet
	facet normal 0 1 0
		outer loop
			vertex 85.10071563720703 16 45.545467376708984
			vertex 85.10071563720703 16 -24.317880630493164
			vertex 84.83906555175781 16 -24.549678802490234
		endloop
	endfacet
	facet normal 0 1 0
		outer loop
			vertex 84.64049530029297 16 46.064945220947266
			vertex 84.83906555175781 16 45.77726364135742
			vertex 84.83906555175781 16 -24.549678802490234
		endloop
	endfacet
	facet normal 0 1 0
		outer loop
			vertex 84.64049530029297 16 46.064945220947266
			vertex 84.83906555175781 16 -24.549678802490234
			vertex 84.64049530029297 16 -24.837358474731445
		endloop
	endfacet
	facet normal 0 1 0
		outer loop
			vertex 93.92440795898438 16 38.738792419433594
			vertex 85.10071563720703 16 45.545467376708984
			vertex 85.41023254394531 16 45.383018493652344
		endloop
	endfacet
	facet normal 0 1 0
		outer loop
			vertex 93.92440795898438 16 38.738792419433594
			vertex 85.41023254394531 16 45.383018493652344
			vertex 85.7496337890625 16 45.29936599731445
		endloop
	endfacet
	facet normal 0 1 0
		outer loop
			vertex 93.92440795898438 16 38.738792419433594
			vertex 85.7496337890625 16 45.29936599731445
			vertex 86.09918975830078 16 45.29936599731445
		endloop
	endfacet
	facet normal 0 1 0
		outer loop
			vertex 93.92440795898438 16 38.738792419433594
			vertex 86.09918975830078 16 45.29936599731445
			vertex 86.43858337402344 16 45.383018493652344
		endloop
	endfacet
	facet normal 0 1 0
		outer loop
			vertex 93.92440795898438 16 38.738792419433594
			vertex 86.43858337402344 16 45.383018493652344
			vertex 86.74810028076172 16 45.545467376708984
		endloop
	endfacet
	facet normal 0 1 0
		outer loop
			vertex 93.92440795898438 16 38.738792419433594
			vertex 85.10071563720703 16 -24.317880630493164
			vertex 85.10071563720703 16 45.545467376708984
		endloop
	endfacet
	facet normal 0 1 0
		outer loop
			vertex 93.92440795898438 16 38.738792419433594
			vertex 93.92440795898438 16 -17.511207580566406
			vertex 85.10071563720703 16 -24.317880630493164
		endloop
	endfacet
	facet normal 0 1 0
		outer loop
			vertex 80.92440795898438 16 51.738792419433594
			vertex 84.47441101074219 16 46.738792419433594
			vertex 84.51654052734375 16 46.39178466796875
		endloop
	endfacet
	facet normal 0 1 0
		outer loop
			vertex 80.92440795898438 16 51.738792419433594
			vertex 84.51654052734375 16 46.39178466796875
			vertex 84.64049530029297 16 46.064945220947266
		endloop
	endfacet
	facet normal 0 1 0
		outer loop
			vertex 80.92440795898438 16 51.738792419433594
			vertex 84.83906555175781 16 47.700321197509766
			vertex 84.64049530029297 16 47.41263961791992
		endloop
	endfacet
	facet normal 0 1 0
		outer loop
			vertex 80.92440795898438 16 51.738792419433594
			vertex 84.64049530029297 16 47.41263961791992
			vertex 84.51654052734375 16 47.08580017089844
		endloop
	endfacet
	facet normal 0 1 0
		outer loop
			vertex 80.92440795898438 16 51.738792419433594
			vertex 84.51654052734375 16 47.08580017089844
			vertex 84.47441101074219 16 46.738792419433594
		endloop
	endfacet
	facet normal 0 1 0
		outer loop
			vertex 80.92440795898438 16 51.738792419433594
			vertex 84.64049530029297 16 -24.837358474731445
			vertex 80.92440795898438 16 -30.511207580566406
		endloop
	endfacet
	facet normal 0 1 0
		outer loop
			vertex 80.92440795898438 16 51.738792419433594
			vertex 84.64049530029297 16 46.064945220947266
			vertex 84.64049530029297 16 -24.837358474731445
		endloop
	endfacet
	facet normal 0 1 0
		outer loop
			vertex 87.00975036621094 16 45.77726364135742
			vertex 93.92440795898438 16 38.738792419433594
			vertex 86.74810028076172 16 45.545467376708984
		endloop
	endfacet
	facet normal 0 1 0
		outer loop
			vertex 85.10071563720703 16 47.9321174621582
			vertex 84.83906555175781 16 47.700321197509766
			vertex 80.92440795898438 16 51.738792419433594
		endloop
	endfacet
	facet normal 0 1 0
		outer loop
			vertex 87.20832061767578 16 46.064945220947266
			vertex 93.92440795898438 16 38.738792419433594
			vertex 87.00975036621094 16 45.77726364135742
		endloop
	endfacet
	facet normal 0 1 0
		outer loop
			vertex 85.41023254394531 16 48.094566345214844
			vertex 85.10071563720703 16 47.9321174621582
			vertex 80.92440795898438 16 51.738792419433594
		endloop
	endfacet
	facet normal 0 1 0
		outer loop
			vertex 87.332275390625 16 46.39178466796875
			vertex 93.92440795898438 16 38.738792419433594
			vertex 87.20832061767578 16 46.064945220947266
		endloop
	endfacet
	facet normal 0 1 0
		outer loop
			vertex 85.7496337890625 16 48.178218841552734
			vertex 85.41023254394531 16 48.094566345214844
			vertex 80.92440795898438 16 51.738792419433594
		endloop
	endfacet
	facet normal 0 1 0
		outer loop
			vertex 87.3744125366211 16 46.738792419433594
			vertex 93.92440795898438 16 38.738792419433594
			vertex 87.332275390625 16 46.39178466796875
		endloop
	endfacet
	facet normal 0 1 0
		outer loop
			vertex 86.09918975830078 16 48.178218841552734
			vertex 85.7496337890625 16 48.178218841552734
			vertex 80.92440795898438 16 51.738792419433594
		endloop
	endfacet
	facet normal 0 1 0
		outer loop
			vertex 87.332275390625 16 47.08580017089844
			vertex 93.92440795898438 16 38.738792419433594
			vertex 87.3744125366211 16 46.738792419433594
		endloop
	endfacet
	facet normal 0 1 0
		outer loop
			vertex 86.43858337402344 16 48.094566345214844
			vertex 86.09918975830078 16 48.178218841552734
			vertex 80.92440795898438 16 51.738792419433594
		endloop
	endfacet
	facet normal 0 1 0
		outer loop
			vertex 87.20832061767578 16 47.41263961791992
			vertex 93.92440795898438 16 38.738792419433594
			vertex 87.332275390625 16 47.08580017089844
		endloop
	endfacet
	facet normal 0 1 0
		outer loop
			vertex 86.74810028076172 16 47.9321174621582
			vertex 86.43858337402344 16 48.094566345214844
			vertex 80.92440795898438 16 51.738792419433594
		endloop
	endfacet
	facet normal 0 1 0
		outer loop
			vertex 145.67440795898438 16 38.738792419433594
			vertex 154.49810791015625 16 -24.317880630493164
			vertex 154.18858337402344 16 -24.155433654785156
		endloop
	endfacet
	facet normal 0 1 0
		outer loop
			vertex 145.67440795898438 16 38.738792419433594
			vertex 154.18858337402344 16 -24.155433654785156
			vertex 153.84918212890625 16 -24.071779251098633
		endloop
	endfacet
	facet normal 0 1 0
		outer loop
			vertex 145.67440795898438 16 38.738792419433594
			vertex 153.84918212890625 16 -24.071779251098633
			vertex 153.4996337890625 16 -24.071779251098633
		endloop
	endfacet
	facet normal 0 1 0
		outer loop
			vertex 145.67440795898438 16 38.738792419433594
			vertex 93.92440795898438 16 38.738792419433594
			vertex 87.20832061767578 16 47.41263961791992
		endloop
	endfacet
	facet normal 0 1 0
		outer loop
			vertex 152.8507080078125 16 45.545467376708984
			vertex 145.67440795898438 16 38.738792419433594
			vertex 152.5890655517578 16 45.77726364135742
		endloop
	endfacet
	facet normal 0 1 0
		outer loop
			vertex 152.3905029296875 16 46.064945220947266
			vertex 152.5890655517578 16 45.77726364135742
			vertex 145.67440795898438 16 38.738792419433594
		endloop
	endfacet
	facet normal 0 1 0
		outer loop
			vertex 153.1602325439453 16 45.383018493652344
			vertex 145.67440795898438 16 38.738792419433594
			vertex 152.8507080078125 16 45.545467376708984
		endloop
	endfacet
	facet normal 0 1 0
		outer loop
			vertex 152.26654052734375 16 46.39178466796875
			vertex 152.3905029296875 16 46.064945220947266
			vertex 145.67440795898438 16 38.738792419433594
		endloop
	endfacet
	facet normal 0 1 0
		outer loop
			vertex 153.4996337890625 16 45.29936599731445
			vertex 145.67440795898438 16 38.738792419433594
			vertex 153.1602325439453 16 45.383018493652344
		endloop
	endfacet
	facet normal 0 1 0
		outer loop
			vertex 152.2244110107422 16 46.738792419433594
			vertex 152.26654052734375 16 46.39178466796875
			vertex 145.67440795898438 16 38.738792419433594
		endloop
	endfacet
	facet normal 0 1 0
		outer loop
			vertex 153.84918212890625 16 45.29936599731445
			vertex 145.67440795898438 16 38.738792419433594
			vertex 153.4996337890625 16 45.29936599731445
		endloop
	endfacet
	facet normal 0 1 0
		outer loop
			vertex 152.26654052734375 16 47.08580017089844
			vertex 152.2244110107422 16 46.738792419433594
			vertex 145.67440795898438 16 38.738792419433594
		endloop
	endfacet
	facet normal 0 1 0
		outer loop
			vertex 154.18858337402344 16 45.383018493652344
			vertex 145.67440795898438 16 38.738792419433594
			vertex 153.84918212890625 16 45.29936599731445
		endloop
	endfacet
	facet normal 0 1 0
		outer loop
			vertex 152.3905029296875 16 47.41263961791992
			vertex 152.26654052734375 16 47.08580017089844
			vertex 145.67440795898438 16 38.738792419433594
		endloop
	endfacet
	facet normal 0 1 0
		outer loop
			vertex 152.3905029296875 16 47.41263961791992
			vertex 87.20832061767578 16 47.41263961791992
			vertex 87.00975036621094 16 47.700321197509766
		endloop
	endfacet
	facet normal 0 1 0
		outer loop
			vertex 152.3905029296875 16 47.41263961791992
			vertex 145.67440795898438 16 38.738792419433594
			vertex 87.20832061767578 16 47.41263961791992
		endloop
	endfacet
	facet normal 0 1 0
		outer loop
			vertex 154.49810791015625 16 45.545467376708984
			vertex 154.75975036621094 16 -24.549678802490234
			vertex 154.49810791015625 16 -24.317880630493164
		endloop
	endfacet
	facet normal 0 1 0
		outer loop
			vertex 154.49810791015625 16 45.545467376708984
			vertex 145.67440795898438 16 38.738792419433594
			vertex 154.18858337402344 16 45.383018493652344
		endloop
	endfacet
	facet normal 0 1 0
		outer loop
			vertex 154.49810791015625 16 45.545467376708984
			vertex 154.49810791015625 16 -24.317880630493164
			vertex 145.67440795898438 16 38.738792419433594
		endloop
	endfacet
	facet normal 0 1 0
		outer loop
			vertex 152.5890655517578 16 47.700321197509766
			vertex 152.3905029296875 16 47.41263961791992
			vertex 87.00975036621094 16 47.700321197509766
		endloop
	endfacet
	facet normal 0 1 0
		outer loop
			vertex 154.75975036621094 16 45.77726364135742
			vertex 154.75975036621094 16 -24.549678802490234
			vertex 154.49810791015625 16 45.545467376708984
		endloop
	endfacet
	facet normal 0 1 0
		outer loop
			vertex 152.8507080078125 16 47.9321174621582
			vertex 87.00975036621094 16 47.700321197509766
			vertex 86.74810028076172 16 47.9321174621582
		endloop
	endfacet
	facet normal 0 1 0
		outer loop
			vertex 152.8507080078125 16 47.9321174621582
			vertex 152.5890655517578 16 47.700321197509766
			vertex 87.00975036621094 16 47.700321197509766
		endloop
	endfacet
	facet normal 0 1 0
		outer loop
			vertex 152.8507080078125 16 47.9321174621582
			vertex 86.74810028076172 16 47.9321174621582
			vertex 80.92440795898438 16 51.738792419433594
		endloop
	endfacet
	facet normal 0 1 0
		outer loop
			vertex 158.67440795898438 16 51.738792419433594
			vertex 152.8507080078125 16 47.9321174621582
			vertex 80.92440795898438 16 51.738792419433594
		endloop
	endfacet
	facet normal 0 1 0
		outer loop
			vertex 158.67440795898438 16 51.738792419433594
			vertex 154.95831298828125 16 46.064945220947266
			vertex 155.082275390625 16 46.39178466796875
		endloop
	endfacet
	facet normal 0 1 0
		outer loop
			vertex 158.67440795898438 16 51.738792419433594
			vertex 155.082275390625 16 46.39178466796875
			vertex 155.12440490722656 16 46.738792419433594
		endloop
	endfacet
	facet normal 0 1 0
		outer loop
			vertex 158.67440795898438 16 51.738792419433594
			vertex 155.12440490722656 16 46.738792419433594
			vertex 155.082275390625 16 47.08580017089844
		endloop
	endfacet
	facet normal 0 1 0
		outer loop
			vertex 158.67440795898438 16 51.738792419433594
			vertex 155.082275390625 16 47.08580017089844
			vertex 154.95831298828125 16 47.41263961791992
		endloop
	endfacet
	facet normal 0 1 0
		outer loop
			vertex 158.67440795898438 16 51.738792419433594
			vertex 154.95831298828125 16 47.41263961791992
			vertex 154.75975036621094 16 47.700321197509766
		endloop
	endfacet
	facet normal 0 1 0
		outer loop
			vertex 158.67440795898438 16 51.738792419433594
			vertex 154.75975036621094 16 47.700321197509766
			vertex 154.49810791015625 16 47.9321174621582
		endloop
	endfacet
	facet normal 0 1 0
		outer loop
			vertex 158.67440795898438 16 51.738792419433594
			vertex 154.49810791015625 16 47.9321174621582
			vertex 154.18858337402344 16 48.094566345214844
		endloop
	endfacet
	facet normal 0 1 0
		outer loop
			vertex 158.67440795898438 16 51.738792419433594
			vertex 154.18858337402344 16 48.094566345214844
			vertex 153.84918212890625 16 48.178218841552734
		endloop
	endfacet
	facet normal 0 1 0
		outer loop
			vertex 158.67440795898438 16 51.738792419433594
			vertex 153.84918212890625 16 48.178218841552734
			vertex 153.4996337890625 16 48.178218841552734
		endloop
	endfacet
	facet normal 0 1 0
		outer loop
			vertex 158.67440795898438 16 51.738792419433594
			vertex 153.4996337890625 16 48.178218841552734
			vertex 153.1602325439453 16 48.094566345214844
		endloop
	endfacet
	facet normal 0 1 0
		outer loop
			vertex 158.67440795898438 16 51.738792419433594
			vertex 153.1602325439453 16 48.094566345214844
			vertex 152.8507080078125 16 47.9321174621582
		endloop
	endfacet
	facet normal 0 1 0
		outer loop
			vertex 145.67440795898438 16 -30.511207580566406
			vertex 145.67440795898438 16 38.738792419433594
			vertex 152.3905029296875 16 -24.837358474731445
		endloop
	endfacet
	facet normal 0 1 0
		outer loop
			vertex 152.3905029296875 16 -24.837358474731445
			vertex 145.67440795898438 16 38.738792419433594
			vertex 152.5890655517578 16 -24.549678802490234
		endloop
	endfacet
	facet normal 0 1 0
		outer loop
			vertex 152.5890655517578 16 -24.549678802490234
			vertex 145.67440795898438 16 38.738792419433594
			vertex 152.8507080078125 16 -24.317880630493164
		endloop
	endfacet
	facet normal 0 1 0
		outer loop
			vertex 152.8507080078125 16 -24.317880630493164
			vertex 145.67440795898438 16 38.738792419433594
			vertex 153.1602325439453 16 -24.155433654785156
		endloop
	endfacet
	facet normal 0 1 0
		outer loop
			vertex 153.1602325439453 16 -24.155433654785156
			vertex 145.67440795898438 16 38.738792419433594
			vertex 153.4996337890625 16 -24.071779251098633
		endloop
	endfacet
	facet normal 0 1 0
		outer loop
			vertex 158.67440795898438 16 51.738792419433594
			vertex 158.67440795898438 16 -30.511207580566406
			vertex 154.95831298828125 16 -24.837358474731445
		endloop
	endfacet
	facet normal 0 1 0
		outer loop
			vertex 158.67440795898438 16 51.738792419433594
			vertex 154.95831298828125 16 -24.837358474731445
			vertex 154.75975036621094 16 -24.549678802490234
		endloop
	endfacet
	facet normal 0 1 0
		outer loop
			vertex 158.67440795898438 16 51.738792419433594
			vertex 154.75975036621094 16 -24.549678802490234
			vertex 154.95831298828125 16 46.064945220947266
		endloop
	endfacet
	facet normal 0 1 0
		outer loop
			vertex 154.95831298828125 16 46.064945220947266
			vertex 154.75975036621094 16 -24.549678802490234
			vertex 154.75975036621094 16 45.77726364135742
		endloop
	endfacet
	facet normal 0 0 1
		outer loop
			vertex 126.5203857421875 16 -17.511207580566406
			vertex 93.92440795898438 16 -17.511207580566406
			vertex 93.92440795898438 10 -17.511207580566406
		endloop
	endfacet
	facet normal 0 0 1
		outer loop
			vertex 126.5203857421875 16 -17.511207580566406
			vertex 93.92440795898438 10 -17.511207580566406
			vertex 126.5203857421875 10 -17.511207580566406
		endloop
	endfacet
	facet normal 0.992710535176242 0 -0.12052299925781519
		outer loop
			vertex 152.26654052734375 16 -25.164199829101562
			vertex 152.2244110107422 8 -25.511207580566406
			vertex 152.2244110107422 16 -25.511207580566406
		endloop
	endfacet
	facet normal 0.992710535176242 0 -0.12052299925781519
		outer loop
			vertex 152.26654052734375 16 -25.164199829101562
			vertex 152.26654052734375 8 -25.164199829101562
			vertex 152.2244110107422 8 -25.511207580566406
		endloop
	endfacet
	facet normal 0.9350088187306114 0 -0.3546244617845569
		outer loop
			vertex 152.3905029296875 16 -24.837358474731445
			vertex 152.3905029296875 8 -24.837358474731445
			vertex 152.26654052734375 8 -25.164199829101562
		endloop
	endfacet
	facet normal 0.9350088187306114 0 -0.3546244617845569
		outer loop
			vertex 152.3905029296875 16 -24.837358474731445
			vertex 152.26654052734375 8 -25.164199829101562
			vertex 152.26654052734375 16 -25.164199829101562
		endloop
	endfacet
	facet normal 0.8229949910223334 0 -0.5680486288621334
		outer loop
			vertex 152.5890655517578 16 -24.549678802490234
			vertex 152.5890655517578 8 -24.549678802490234
			vertex 152.3905029296875 8 -24.837358474731445
		endloop
	endfacet
	facet normal 0.8229949910223334 0 -0.5680486288621334
		outer loop
			vertex 152.5890655517578 16 -24.549678802490234
			vertex 152.3905029296875 8 -24.837358474731445
			vertex 152.3905029296875 16 -24.837358474731445
		endloop
	endfacet
	facet normal 0.663127759275143 0 -0.7485062290179876
		outer loop
			vertex 152.8507080078125 16 -24.317880630493164
			vertex 152.8507080078125 8 -24.317880630493164
			vertex 152.5890655517578 8 -24.549678802490234
		endloop
	endfacet
	facet normal 0.663127759275143 0 -0.7485062290179876
		outer loop
			vertex 152.8507080078125 16 -24.317880630493164
			vertex 152.5890655517578 8 -24.549678802490234
			vertex 152.5890655517578 16 -24.549678802490234
		endloop
	endfacet
	facet normal 0.46471412714009996 0 -0.885460772725938
		outer loop
			vertex 153.1602325439453 16 -24.155433654785156
			vertex 153.1602325439453 8 -24.155433654785156
			vertex 152.8507080078125 8 -24.317880630493164
		endloop
	endfacet
	facet normal 0.46471412714009996 0 -0.885460772725938
		outer loop
			vertex 153.1602325439453 16 -24.155433654785156
			vertex 152.8507080078125 8 -24.317880630493164
			vertex 152.8507080078125 16 -24.317880630493164
		endloop
	endfacet
	facet normal 0.23931434301660398 0 -0.9709421430891397
		outer loop
			vertex 153.4996337890625 16 -24.071779251098633
			vertex 153.4996337890625 8 -24.071779251098633
			vertex 153.1602325439453 8 -24.155433654785156
		endloop
	endfacet
	facet normal 0.23931434301660398 0 -0.9709421430891397
		outer loop
			vertex 153.4996337890625 16 -24.071779251098633
			vertex 153.1602325439453 8 -24.155433654785156
			vertex 153.1602325439453 16 -24.155433654785156
		endloop
	endfacet
	facet normal 0 0 -1
		outer loop
			vertex 153.84918212890625 16 -24.071779251098633
			vertex 153.84918212890625 8 -24.071779251098633
			vertex 153.4996337890625 8 -24.071779251098633
		endloop
	endfacet
	facet normal 0 0 -1
		outer loop
			vertex 153.84918212890625 16 -24.071779251098633
			vertex 153.4996337890625 8 -24.071779251098633
			vertex 153.4996337890625 16 -24.071779251098633
		endloop
	endfacet
	facet normal -0.46471412714009996 0 -0.885460772725938
		outer loop
			vertex 154.18858337402344 16 -24.155433654785156
			vertex 154.49810791015625 8 -24.317880630493164
			vertex 154.18858337402344 8 -24.155433654785156
		endloop
	endfacet
	facet normal -0.23931434301660398 0 -0.9709421430891397
		outer loop
			vertex 154.18858337402344 16 -24.155433654785156
			vertex 154.18858337402344 8 -24.155433654785156
			vertex 153.84918212890625 8 -24.071779251098633
		endloop
	endfacet
	facet normal -0.23931434301660398 0 -0.9709421430891397
		outer loop
			vertex 154.18858337402344 16 -24.155433654785156
			vertex 153.84918212890625 8 -24.071779251098633
			vertex 153.84918212890625 16 -24.071779251098633
		endloop
	endfacet
	facet normal -0.663127759275143 0 -0.7485062290179876
		outer loop
			vertex 154.49810791015625 16 -24.317880630493164
			vertex 154.75975036621094 8 -24.549678802490234
			vertex 154.49810791015625 8 -24.317880630493164
		endloop
	endfacet
	facet normal -0.46471412714009996 0 -0.885460772725938
		outer loop
			vertex 154.49810791015625 16 -24.317880630493164
			vertex 154.49810791015625 8 -24.317880630493164
			vertex 154.18858337402344 16 -24.155433654785156
		endloop
	endfacet
	facet normal -0.663127759275143 0 -0.7485062290179876
		outer loop
			vertex 154.75975036621094 16 -24.549678802490234
			vertex 154.75975036621094 8 -24.549678802490234
			vertex 154.49810791015625 16 -24.317880630493164
		endloop
	endfacet
	facet normal -0.8229949910223334 0 -0.5680486288621334
		outer loop
			vertex 154.95831298828125 16 -24.837358474731445
			vertex 154.75975036621094 8 -24.549678802490234
			vertex 154.75975036621094 16 -24.549678802490234
		endloop
	endfacet
	facet normal -0.8229949910223334 0 -0.5680486288621334
		outer loop
			vertex 154.95831298828125 16 -24.837358474731445
			vertex 154.95831298828125 8 -24.837358474731445
			vertex 154.75975036621094 8 -24.549678802490234
		endloop
	endfacet
	facet normal -0.9350088187306114 0 -0.3546244617845569
		outer loop
			vertex 155.082275390625 16 -25.164199829101562
			vertex 154.95831298828125 8 -24.837358474731445
			vertex 154.95831298828125 16 -24.837358474731445
		endloop
	endfacet
	facet normal -0.9350088187306114 0 -0.3546244617845569
		outer loop
			vertex 155.082275390625 16 -25.164199829101562
			vertex 155.082275390625 8 -25.164199829101562
			vertex 154.95831298828125 8 -24.837358474731445
		endloop
	endfacet
	facet normal -0.992710535176242 0 -0.12052299925781519
		outer loop
			vertex 155.12440490722656 16 -25.511207580566406
			vertex 155.082275390625 8 -25.164199829101562
			vertex 155.082275390625 16 -25.164199829101562
		endloop
	endfacet
	facet normal -0.992710535176242 0 -0.12052299925781519
		outer loop
			vertex 155.12440490722656 16 -25.511207580566406
			vertex 155.12440490722656 8 -25.511207580566406
			vertex 155.082275390625 8 -25.164199829101562
		endloop
	endfacet
	facet normal -0.992710535176242 0 0.12052299925781519
		outer loop
			vertex 155.082275390625 16 -25.85821533203125
			vertex 155.082275390625 8 -25.85821533203125
			vertex 155.12440490722656 8 -25.511207580566406
		endloop
	endfacet
	facet normal -0.992710535176242 0 0.12052299925781519
		outer loop
			vertex 155.082275390625 16 -25.85821533203125
			vertex 155.12440490722656 8 -25.511207580566406
			vertex 155.12440490722656 16 -25.511207580566406
		endloop
	endfacet
	facet normal -0.8229932302952021 0 0.5680511798141682
		outer loop
			vertex 154.95831298828125 16 -26.185056686401367
			vertex 154.75975036621094 8 -26.472734451293945
			vertex 154.95831298828125 8 -26.185056686401367
		endloop
	endfacet
	facet normal -0.9350088187306114 0 0.3546244617845569
		outer loop
			vertex 154.95831298828125 16 -26.185056686401367
			vertex 154.95831298828125 8 -26.185056686401367
			vertex 155.082275390625 8 -25.85821533203125
		endloop
	endfacet
	facet normal -0.9350088187306114 0 0.3546244617845569
		outer loop
			vertex 154.95831298828125 16 -26.185056686401367
			vertex 155.082275390625 8 -25.85821533203125
			vertex 155.082275390625 16 -25.85821533203125
		endloop
	endfacet
	facet normal -0.8229932302952021 0 0.5680511798141682
		outer loop
			vertex 154.75975036621094 16 -26.472734451293945
			vertex 154.75975036621094 8 -26.472734451293945
			vertex 154.95831298828125 16 -26.185056686401367
		endloop
	endfacet
	facet normal -0.46471412714009996 0 0.885460772725938
		outer loop
			vertex 154.49810791015625 16 -26.70453453063965
			vertex 154.18858337402344 8 -26.866981506347656
			vertex 154.49810791015625 8 -26.70453453063965
		endloop
	endfacet
	facet normal -0.6631308163478276 0 0.7485035206395918
		outer loop
			vertex 154.49810791015625 16 -26.70453453063965
			vertex 154.49810791015625 8 -26.70453453063965
			vertex 154.75975036621094 8 -26.472734451293945
		endloop
	endfacet
	facet normal -0.6631308163478276 0 0.7485035206395918
		outer loop
			vertex 154.49810791015625 16 -26.70453453063965
			vertex 154.75975036621094 8 -26.472734451293945
			vertex 154.75975036621094 16 -26.472734451293945
		endloop
	endfacet
	facet normal -0.46471412714009996 0 0.885460772725938
		outer loop
			vertex 154.18858337402344 16 -26.866981506347656
			vertex 154.18858337402344 8 -26.866981506347656
			vertex 154.49810791015625 16 -26.70453453063965
		endloop
	endfacet
	facet normal -0.23931434301660398 0 0.9709421430891397
		outer loop
			vertex 153.84918212890625 16 -26.95063591003418
			vertex 153.84918212890625 8 -26.95063591003418
			vertex 154.18858337402344 8 -26.866981506347656
		endloop
	endfacet
	facet normal -0.23931434301660398 0 0.9709421430891397
		outer loop
			vertex 153.84918212890625 16 -26.95063591003418
			vertex 154.18858337402344 8 -26.866981506347656
			vertex 154.18858337402344 16 -26.866981506347656
		endloop
	endfacet
	facet normal 0.23931434301660398 0 0.9709421430891397
		outer loop
			vertex 153.4996337890625 16 -26.95063591003418
			vertex 153.1602325439453 8 -26.866981506347656
			vertex 153.4996337890625 8 -26.95063591003418
		endloop
	endfacet
	facet normal 0 0 1
		outer loop
			vertex 153.4996337890625 16 -26.95063591003418
			vertex 153.4996337890625 8 -26.95063591003418
			vertex 153.84918212890625 8 -26.95063591003418
		endloop
	endfacet
	facet normal 0 0 1
		outer loop
			vertex 153.4996337890625 16 -26.95063591003418
			vertex 153.84918212890625 8 -26.95063591003418
			vertex 153.84918212890625 16 -26.95063591003418
		endloop
	endfacet
	facet normal 0.23931434301660398 0 0.9709421430891397
		outer loop
			vertex 153.1602325439453 16 -26.866981506347656
			vertex 153.1602325439453 8 -26.866981506347656
			vertex 153.4996337890625 16 -26.95063591003418
		endloop
	endfacet
	facet normal 0.6631308163478276 0 0.7485035206395918
		outer loop
			vertex 152.8507080078125 16 -26.70453453063965
			vertex 152.5890655517578 8 -26.472734451293945
			vertex 152.8507080078125 8 -26.70453453063965
		endloop
	endfacet
	facet normal 0.46471412714009996 0 0.885460772725938
		outer loop
			vertex 152.8507080078125 16 -26.70453453063965
			vertex 152.8507080078125 8 -26.70453453063965
			vertex 153.1602325439453 8 -26.866981506347656
		endloop
	endfacet
	facet normal 0.46471412714009996 0 0.885460772725938
		outer loop
			vertex 152.8507080078125 16 -26.70453453063965
			vertex 153.1602325439453 8 -26.866981506347656
			vertex 153.1602325439453 16 -26.866981506347656
		endloop
	endfacet
	facet normal 0.6631308163478276 0 0.7485035206395918
		outer loop
			vertex 152.5890655517578 16 -26.472734451293945
			vertex 152.5890655517578 8 -26.472734451293945
			vertex 152.8507080078125 16 -26.70453453063965
		endloop
	endfacet
	facet normal 0.8229932302952021 0 0.5680511798141682
		outer loop
			vertex 152.3905029296875 16 -26.185056686401367
			vertex 152.3905029296875 8 -26.185056686401367
			vertex 152.5890655517578 8 -26.472734451293945
		endloop
	endfacet
	facet normal 0.8229932302952021 0 0.5680511798141682
		outer loop
			vertex 152.3905029296875 16 -26.185056686401367
			vertex 152.5890655517578 8 -26.472734451293945
			vertex 152.5890655517578 16 -26.472734451293945
		endloop
	endfacet
	facet normal 0.9350088187306114 0 0.3546244617845569
		outer loop
			vertex 152.26654052734375 16 -25.85821533203125
			vertex 152.26654052734375 8 -25.85821533203125
			vertex 152.3905029296875 8 -26.185056686401367
		endloop
	endfacet
	facet normal 0.9350088187306114 0 0.3546244617845569
		outer loop
			vertex 152.26654052734375 16 -25.85821533203125
			vertex 152.3905029296875 8 -26.185056686401367
			vertex 152.3905029296875 16 -26.185056686401367
		endloop
	endfacet
	facet normal 0.992710535176242 0 0.12052299925781519
		outer loop
			vertex 152.2244110107422 16 -25.511207580566406
			vertex 152.2244110107422 8 -25.511207580566406
			vertex 152.26654052734375 8 -25.85821533203125
		endloop
	endfacet
	facet normal 0.992710535176242 0 0.12052299925781519
		outer loop
			vertex 152.2244110107422 16 -25.511207580566406
			vertex 152.26654052734375 8 -25.85821533203125
			vertex 152.26654052734375 16 -25.85821533203125
		endloop
	endfacet
	facet normal 0.992710535176242 0 -0.12052299925781519
		outer loop
			vertex 152.26654052734375 16 47.08580017089844
			vertex 152.2244110107422 8 46.738792419433594
			vertex 152.2244110107422 16 46.738792419433594
		endloop
	endfacet
	facet normal 0.992710535176242 0 -0.12052299925781519
		outer loop
			vertex 152.26654052734375 16 47.08580017089844
			vertex 152.26654052734375 8 47.08580017089844
			vertex 152.2244110107422 8 46.738792419433594
		endloop
	endfacet
	facet normal 0.9350081325325436 0 -0.3546262710206414
		outer loop
			vertex 152.3905029296875 16 47.41263961791992
			vertex 152.3905029296875 8 47.41263961791992
			vertex 152.26654052734375 8 47.08580017089844
		endloop
	endfacet
	facet normal 0.9350081325325436 0 -0.3546262710206414
		outer loop
			vertex 152.3905029296875 16 47.41263961791992
			vertex 152.26654052734375 8 47.08580017089844
			vertex 152.26654052734375 16 47.08580017089844
		endloop
	endfacet
	facet normal 0.8229967517257438 0 -0.5680460779275521
		outer loop
			vertex 152.5890655517578 16 47.700321197509766
			vertex 152.5890655517578 8 47.700321197509766
			vertex 152.3905029296875 8 47.41263961791992
		endloop
	endfacet
	facet normal 0.8229967517257438 0 -0.5680460779275521
		outer loop
			vertex 152.5890655517578 16 47.700321197509766
			vertex 152.3905029296875 8 47.41263961791992
			vertex 152.3905029296875 16 47.41263961791992
		endloop
	endfacet
	facet normal 0.6631247021692732 0 -0.7485089374034973
		outer loop
			vertex 152.8507080078125 16 47.9321174621582
			vertex 152.8507080078125 8 47.9321174621582
			vertex 152.5890655517578 8 47.700321197509766
		endloop
	endfacet
	facet normal 0.6631247021692732 0 -0.7485089374034973
		outer loop
			vertex 152.8507080078125 16 47.9321174621582
			vertex 152.5890655517578 8 47.700321197509766
			vertex 152.5890655517578 16 47.700321197509766
		endloop
	endfacet
	facet normal 0.4647184051454882 0 -0.8854585274980606
		outer loop
			vertex 153.1602325439453 16 48.094566345214844
			vertex 153.1602325439453 8 48.094566345214844
			vertex 152.8507080078125 8 47.9321174621582
		endloop
	endfacet
	facet normal 0.4647184051454882 0 -0.8854585274980606
		outer loop
			vertex 153.1602325439453 16 48.094566345214844
			vertex 152.8507080078125 8 47.9321174621582
			vertex 152.8507080078125 16 47.9321174621582
		endloop
	endfacet
	facet normal 0.23930919905690867 0 -0.9709434109394537
		outer loop
			vertex 153.4996337890625 16 48.178218841552734
			vertex 153.4996337890625 8 48.178218841552734
			vertex 153.1602325439453 8 48.094566345214844
		endloop
	endfacet
	facet normal 0.23930919905690867 0 -0.9709434109394537
		outer loop
			vertex 153.4996337890625 16 48.178218841552734
			vertex 153.1602325439453 8 48.094566345214844
			vertex 153.1602325439453 16 48.094566345214844
		endloop
	endfacet
	facet normal 0 0 -1
		outer loop
			vertex 153.84918212890625 16 48.178218841552734
			vertex 153.84918212890625 8 48.178218841552734
			vertex 153.4996337890625 8 48.178218841552734
		endloop
	endfacet
	facet normal 0 0 -1
		outer loop
			vertex 153.84918212890625 16 48.178218841552734
			vertex 153.4996337890625 8 48.178218841552734
			vertex 153.4996337890625 16 48.178218841552734
		endloop
	endfacet
	facet normal -0.4647184051454882 0 -0.8854585274980606
		outer loop
			vertex 154.18858337402344 16 48.094566345214844
			vertex 154.49810791015625 8 47.9321174621582
			vertex 154.18858337402344 8 48.094566345214844
		endloop
	endfacet
	facet normal -0.23930919905690867 0 -0.9709434109394537
		outer loop
			vertex 154.18858337402344 16 48.094566345214844
			vertex 154.18858337402344 8 48.094566345214844
			vertex 153.84918212890625 8 48.178218841552734
		endloop
	endfacet
	facet normal -0.23930919905690867 0 -0.9709434109394537
		outer loop
			vertex 154.18858337402344 16 48.094566345214844
			vertex 153.84918212890625 8 48.178218841552734
			vertex 153.84918212890625 16 48.178218841552734
		endloop
	endfacet
	facet normal -0.6631247021692732 0 -0.7485089374034973
		outer loop
			vertex 154.49810791015625 16 47.9321174621582
			vertex 154.75975036621094 8 47.700321197509766
			vertex 154.49810791015625 8 47.9321174621582
		endloop
	endfacet
	facet normal -0.4647184051454882 0 -0.8854585274980606
		outer loop
			vertex 154.49810791015625 16 47.9321174621582
			vertex 154.49810791015625 8 47.9321174621582
			vertex 154.18858337402344 16 48.094566345214844
		endloop
	endfacet
	facet normal -0.6631247021692732 0 -0.7485089374034973
		outer loop
			vertex 154.75975036621094 16 47.700321197509766
			vertex 154.75975036621094 8 47.700321197509766
			vertex 154.49810791015625 16 47.9321174621582
		endloop
	endfacet
	facet normal -0.8229967517257438 0 -0.5680460779275521
		outer loop
			vertex 154.95831298828125 16 47.41263961791992
			vertex 154.75975036621094 8 47.700321197509766
			vertex 154.75975036621094 16 47.700321197509766
		endloop
	endfacet
	facet normal -0.8229967517257438 0 -0.5680460779275521
		outer loop
			vertex 154.95831298828125 16 47.41263961791992
			vertex 154.95831298828125 8 47.41263961791992
			vertex 154.75975036621094 8 47.700321197509766
		endloop
	endfacet
	facet normal -0.9350081325325436 0 -0.3546262710206414
		outer loop
			vertex 155.082275390625 16 47.08580017089844
			vertex 154.95831298828125 8 47.41263961791992
			vertex 154.95831298828125 16 47.41263961791992
		endloop
	endfacet
	facet normal -0.9350081325325436 0 -0.3546262710206414
		outer loop
			vertex 155.082275390625 16 47.08580017089844
			vertex 155.082275390625 8 47.08580017089844
			vertex 154.95831298828125 8 47.41263961791992
		endloop
	endfacet
	facet normal -0.992710535176242 0 -0.12052299925781519
		outer loop
			vertex 155.12440490722656 16 46.738792419433594
			vertex 155.082275390625 8 47.08580017089844
			vertex 155.082275390625 16 47.08580017089844
		endloop
	endfacet
	facet normal -0.992710535176242 0 -0.12052299925781519
		outer loop
			vertex 155.12440490722656 16 46.738792419433594
			vertex 155.12440490722656 8 46.738792419433594
			vertex 155.082275390625 8 47.08580017089844
		endloop
	endfacet
	facet normal -0.992710535176242 0 0.12052299925781519
		outer loop
			vertex 155.082275390625 16 46.39178466796875
			vertex 155.082275390625 8 46.39178466796875
			vertex 155.12440490722656 8 46.738792419433594
		endloop
	endfacet
	facet normal -0.992710535176242 0 0.12052299925781519
		outer loop
			vertex 155.082275390625 16 46.39178466796875
			vertex 155.12440490722656 8 46.738792419433594
			vertex 155.12440490722656 16 46.738792419433594
		endloop
	endfacet
	facet normal -0.8229967517257438 0 0.5680460779275521
		outer loop
			vertex 154.95831298828125 16 46.064945220947266
			vertex 154.75975036621094 8 45.77726364135742
			vertex 154.95831298828125 8 46.064945220947266
		endloop
	endfacet
	facet normal -0.9350081325325436 0 0.3546262710206414
		outer loop
			vertex 154.95831298828125 16 46.064945220947266
			vertex 154.95831298828125 8 46.064945220947266
			vertex 155.082275390625 8 46.39178466796875
		endloop
	endfacet
	facet normal -0.9350081325325436 0 0.3546262710206414
		outer loop
			vertex 154.95831298828125 16 46.064945220947266
			vertex 155.082275390625 8 46.39178466796875
			vertex 155.082275390625 16 46.39178466796875
		endloop
	endfacet
	facet normal -0.8229967517257438 0 0.5680460779275521
		outer loop
			vertex 154.75975036621094 16 45.77726364135742
			vertex 154.75975036621094 8 45.77726364135742
			vertex 154.95831298828125 16 46.064945220947266
		endloop
	endfacet
	facet normal -0.4647184051454882 0 0.8854585274980606
		outer loop
			vertex 154.49810791015625 16 45.545467376708984
			vertex 154.18858337402344 8 45.383018493652344
			vertex 154.49810791015625 8 45.545467376708984
		endloop
	endfacet
	facet normal -0.6631247021692732 0 0.7485089374034973
		outer loop
			vertex 154.49810791015625 16 45.545467376708984
			vertex 154.49810791015625 8 45.545467376708984
			vertex 154.75975036621094 8 45.77726364135742
		endloop
	endfacet
	facet normal -0.6631247021692732 0 0.7485089374034973
		outer loop
			vertex 154.49810791015625 16 45.545467376708984
			vertex 154.75975036621094 8 45.77726364135742
			vertex 154.75975036621094 16 45.77726364135742
		endloop
	endfacet
	facet normal -0.4647184051454882 0 0.8854585274980606
		outer loop
			vertex 154.18858337402344 16 45.383018493652344
			vertex 154.18858337402344 8 45.383018493652344
			vertex 154.49810791015625 16 45.545467376708984
		endloop
	endfacet
	facet normal -0.23930919905690867 0 0.9709434109394537
		outer loop
			vertex 153.84918212890625 16 45.29936599731445
			vertex 153.84918212890625 8 45.29936599731445
			vertex 154.18858337402344 8 45.383018493652344
		endloop
	endfacet
	facet normal -0.23930919905690867 0 0.9709434109394537
		outer loop
			vertex 153.84918212890625 16 45.29936599731445
			vertex 154.18858337402344 8 45.383018493652344
			vertex 154.18858337402344 16 45.383018493652344
		endloop
	endfacet
	facet normal 0.23930919905690867 0 0.9709434109394537
		outer loop
			vertex 153.4996337890625 16 45.29936599731445
			vertex 153.1602325439453 8 45.383018493652344
			vertex 153.4996337890625 8 45.29936599731445
		endloop
	endfacet
	facet normal 0 0 1
		outer loop
			vertex 153.4996337890625 16 45.29936599731445
			vertex 153.4996337890625 8 45.29936599731445
			vertex 153.84918212890625 8 45.29936599731445
		endloop
	endfacet
	facet normal 0 0 1
		outer loop
			vertex 153.4996337890625 16 45.29936599731445
			vertex 153.84918212890625 8 45.29936599731445
			vertex 153.84918212890625 16 45.29936599731445
		endloop
	endfacet
	facet normal 0.23930919905690867 0 0.9709434109394537
		outer loop
			vertex 153.1602325439453 16 45.383018493652344
			vertex 153.1602325439453 8 45.383018493652344
			vertex 153.4996337890625 16 45.29936599731445
		endloop
	endfacet
	facet normal 0.6631247021692732 0 0.7485089374034973
		outer loop
			vertex 152.8507080078125 16 45.545467376708984
			vertex 152.5890655517578 8 45.77726364135742
			vertex 152.8507080078125 8 45.545467376708984
		endloop
	endfacet
	facet normal 0.4647184051454882 0 0.8854585274980606
		outer loop
			vertex 152.8507080078125 16 45.545467376708984
			vertex 152.8507080078125 8 45.545467376708984
			vertex 153.1602325439453 8 45.383018493652344
		endloop
	endfacet
	facet normal 0.4647184051454882 0 0.8854585274980606
		outer loop
			vertex 152.8507080078125 16 45.545467376708984
			vertex 153.1602325439453 8 45.383018493652344
			vertex 153.1602325439453 16 45.383018493652344
		endloop
	endfacet
	facet normal 0.6631247021692732 0 0.7485089374034973
		outer loop
			vertex 152.5890655517578 16 45.77726364135742
			vertex 152.5890655517578 8 45.77726364135742
			vertex 152.8507080078125 16 45.545467376708984
		endloop
	endfacet
	facet normal 0.8229967517257438 0 0.5680460779275521
		outer loop
			vertex 152.3905029296875 16 46.064945220947266
			vertex 152.3905029296875 8 46.064945220947266
			vertex 152.5890655517578 8 45.77726364135742
		endloop
	endfacet
	facet normal 0.8229967517257438 0 0.5680460779275521
		outer loop
			vertex 152.3905029296875 16 46.064945220947266
			vertex 152.5890655517578 8 45.77726364135742
			vertex 152.5890655517578 16 45.77726364135742
		endloop
	endfacet
	facet normal 0.9350081325325436 0 0.3546262710206414
		outer loop
			vertex 152.26654052734375 16 46.39178466796875
			vertex 152.26654052734375 8 46.39178466796875
			vertex 152.3905029296875 8 46.064945220947266
		endloop
	endfacet
	facet normal 0.9350081325325436 0 0.3546262710206414
		outer loop
			vertex 152.26654052734375 16 46.39178466796875
			vertex 152.3905029296875 8 46.064945220947266
			vertex 152.3905029296875 16 46.064945220947266
		endloop
	endfacet
	facet normal 0.992710535176242 0 0.12052299925781519
		outer loop
			vertex 152.2244110107422 16 46.738792419433594
			vertex 152.2244110107422 8 46.738792419433594
			vertex 152.26654052734375 8 46.39178466796875
		endloop
	endfacet
	facet normal 0.992710535176242 0 0.12052299925781519
		outer loop
			vertex 152.2244110107422 16 46.738792419433594
			vertex 152.26654052734375 8 46.39178466796875
			vertex 152.26654052734375 16 46.39178466796875
		endloop
	endfacet
	facet normal 0.992710535176242 0 -0.12052299925781519
		outer loop
			vertex 84.51654052734375 16 -25.164199829101562
			vertex 84.47441101074219 8 -25.511207580566406
			vertex 84.47441101074219 16 -25.511207580566406
		endloop
	endfacet
	facet normal 0.992710535176242 0 -0.12052299925781519
		outer loop
			vertex 84.51654052734375 16 -25.164199829101562
			vertex 84.51654052734375 8 -25.164199829101562
			vertex 84.47441101074219 8 -25.511207580566406
		endloop
	endfacet
	facet normal 0.9350160555019976 0 -0.35460538060425084
		outer loop
			vertex 84.64049530029297 16 -24.837358474731445
			vertex 84.64049530029297 8 -24.837358474731445
			vertex 84.51654052734375 8 -25.164199829101562
		endloop
	endfacet
	facet normal 0.9350160555019976 0 -0.35460538060425084
		outer loop
			vertex 84.64049530029297 16 -24.837358474731445
			vertex 84.51654052734375 8 -25.164199829101562
			vertex 84.51654052734375 16 -25.164199829101562
		endloop
	endfacet
	facet normal 0.8229847872428391 0 -0.5680634119241084
		outer loop
			vertex 84.83906555175781 16 -24.549678802490234
			vertex 84.83906555175781 8 -24.549678802490234
			vertex 84.64049530029297 8 -24.837358474731445
		endloop
	endfacet
	facet normal 0.8229847872428391 0 -0.5680634119241084
		outer loop
			vertex 84.83906555175781 16 -24.549678802490234
			vertex 84.64049530029297 8 -24.837358474731445
			vertex 84.64049530029297 16 -24.837358474731445
		endloop
	endfacet
	facet normal 0.6631169258548628 0 -0.7485158265827093
		outer loop
			vertex 85.10071563720703 16 -24.317880630493164
			vertex 85.10071563720703 8 -24.317880630493164
			vertex 84.83906555175781 8 -24.549678802490234
		endloop
	endfacet
	facet normal 0.6631169258548628 0 -0.7485158265827093
		outer loop
			vertex 85.10071563720703 16 -24.317880630493164
			vertex 84.83906555175781 8 -24.549678802490234
			vertex 84.83906555175781 16 -24.549678802490234
		endloop
	endfacet
	facet normal 0.46472310818270407 0 -0.8854560591700793
		outer loop
			vertex 85.41023254394531 16 -24.155433654785156
			vertex 85.41023254394531 8 -24.155433654785156
			vertex 85.10071563720703 8 -24.317880630493164
		endloop
	endfacet
	facet normal 0.46472310818270407 0 -0.8854560591700793
		outer loop
			vertex 85.41023254394531 16 -24.155433654785156
			vertex 85.10071563720703 8 -24.317880630493164
			vertex 85.10071563720703 16 -24.317880630493164
		endloop
	endfacet
	facet normal 0.23931434301660398 0 -0.9709421430891397
		outer loop
			vertex 85.7496337890625 16 -24.071779251098633
			vertex 85.7496337890625 8 -24.071779251098633
			vertex 85.41023254394531 8 -24.155433654785156
		endloop
	endfacet
	facet normal 0.23931434301660398 0 -0.9709421430891397
		outer loop
			vertex 85.7496337890625 16 -24.071779251098633
			vertex 85.41023254394531 8 -24.155433654785156
			vertex 85.41023254394531 16 -24.155433654785156
		endloop
	endfacet
	facet normal 0 0 -1
		outer loop
			vertex 86.09918975830078 16 -24.071779251098633
			vertex 86.09918975830078 8 -24.071779251098633
			vertex 85.7496337890625 8 -24.071779251098633
		endloop
	endfacet
	facet normal 0 0 -1
		outer loop
			vertex 86.09918975830078 16 -24.071779251098633
			vertex 85.7496337890625 8 -24.071779251098633
			vertex 85.7496337890625 16 -24.071779251098633
		endloop
	endfacet
	facet normal -0.46472310818270407 0 -0.8854560591700793
		outer loop
			vertex 86.43858337402344 16 -24.155433654785156
			vertex 86.74810028076172 8 -24.317880630493164
			vertex 86.43858337402344 8 -24.155433654785156
		endloop
	endfacet
	facet normal -0.2393194145699521 0 -0.9709408930567791
		outer loop
			vertex 86.43858337402344 16 -24.155433654785156
			vertex 86.43858337402344 8 -24.155433654785156
			vertex 86.09918975830078 8 -24.071779251098633
		endloop
	endfacet
	facet normal -0.2393194145699521 0 -0.9709408930567791
		outer loop
			vertex 86.43858337402344 16 -24.155433654785156
			vertex 86.09918975830078 8 -24.071779251098633
			vertex 86.09918975830078 16 -24.071779251098633
		endloop
	endfacet
	facet normal -0.6631169258548628 0 -0.7485158265827093
		outer loop
			vertex 86.74810028076172 16 -24.317880630493164
			vertex 87.00975036621094 8 -24.549678802490234
			vertex 86.74810028076172 8 -24.317880630493164
		endloop
	endfacet
	facet normal -0.46472310818270407 0 -0.8854560591700793
		outer loop
			vertex 86.74810028076172 16 -24.317880630493164
			vertex 86.74810028076172 8 -24.317880630493164
			vertex 86.43858337402344 16 -24.155433654785156
		endloop
	endfacet
	facet normal -0.6631169258548628 0 -0.7485158265827093
		outer loop
			vertex 87.00975036621094 16 -24.549678802490234
			vertex 87.00975036621094 8 -24.549678802490234
			vertex 86.74810028076172 16 -24.317880630493164
		endloop
	endfacet
	facet normal -0.8229847872428391 0 -0.5680634119241084
		outer loop
			vertex 87.20832061767578 16 -24.837358474731445
			vertex 87.00975036621094 8 -24.549678802490234
			vertex 87.00975036621094 16 -24.549678802490234
		endloop
	endfacet
	facet normal -0.8229847872428391 0 -0.5680634119241084
		outer loop
			vertex 87.20832061767578 16 -24.837358474731445
			vertex 87.20832061767578 8 -24.837358474731445
			vertex 87.00975036621094 8 -24.549678802490234
		endloop
	endfacet
	facet normal -0.9350160555019976 0 -0.35460538060425084
		outer loop
			vertex 87.332275390625 16 -25.164199829101562
			vertex 87.20832061767578 8 -24.837358474731445
			vertex 87.20832061767578 16 -24.837358474731445
		endloop
	endfacet
	facet normal -0.9350160555019976 0 -0.35460538060425084
		outer loop
			vertex 87.332275390625 16 -25.164199829101562
			vertex 87.332275390625 8 -25.164199829101562
			vertex 87.20832061767578 8 -24.837358474731445
		endloop
	endfacet
	facet normal -0.9927079235940507 0 -0.12054450810214679
		outer loop
			vertex 87.3744125366211 16 -25.511207580566406
			vertex 87.332275390625 8 -25.164199829101562
			vertex 87.332275390625 16 -25.164199829101562
		endloop
	endfacet
	facet normal -0.9927079235940507 0 -0.12054450810214679
		outer loop
			vertex 87.3744125366211 16 -25.511207580566406
			vertex 87.3744125366211 8 -25.511207580566406
			vertex 87.332275390625 8 -25.164199829101562
		endloop
	endfacet
	facet normal -0.9927079235940507 0 0.12054450810214679
		outer loop
			vertex 87.332275390625 16 -25.85821533203125
			vertex 87.332275390625 8 -25.85821533203125
			vertex 87.3744125366211 8 -25.511207580566406
		endloop
	endfacet
	facet normal -0.9927079235940507 0 0.12054450810214679
		outer loop
			vertex 87.332275390625 16 -25.85821533203125
			vertex 87.3744125366211 8 -25.511207580566406
			vertex 87.3744125366211 16 -25.511207580566406
		endloop
	endfacet
	facet normal -0.822983026445895 0 0.568065962879273
		outer loop
			vertex 87.20832061767578 16 -26.185056686401367
			vertex 87.00975036621094 8 -26.472734451293945
			vertex 87.20832061767578 8 -26.185056686401367
		endloop
	endfacet
	facet normal -0.9350160555019976 0 0.35460538060425084
		outer loop
			vertex 87.20832061767578 16 -26.185056686401367
			vertex 87.20832061767578 8 -26.185056686401367
			vertex 87.332275390625 8 -25.85821533203125
		endloop
	endfacet
	facet normal -0.9350160555019976 0 0.35460538060425084
		outer loop
			vertex 87.20832061767578 16 -26.185056686401367
			vertex 87.332275390625 8 -25.85821533203125
			vertex 87.332275390625 16 -25.85821533203125
		endloop
	endfacet
	facet normal -0.822983026445895 0 0.568065962879273
		outer loop
			vertex 87.00975036621094 16 -26.472734451293945
			vertex 87.00975036621094 8 -26.472734451293945
			vertex 87.20832061767578 16 -26.185056686401367
		endloop
	endfacet
	facet normal -0.46472310818270407 0 0.8854560591700793
		outer loop
			vertex 86.74810028076172 16 -26.70453453063965
			vertex 86.43858337402344 8 -26.866981506347656
			vertex 86.74810028076172 8 -26.70453453063965
		endloop
	endfacet
	facet normal -0.6631199829560015 0 0.7485131182580785
		outer loop
			vertex 86.74810028076172 16 -26.70453453063965
			vertex 86.74810028076172 8 -26.70453453063965
			vertex 87.00975036621094 8 -26.472734451293945
		endloop
	endfacet
	facet normal -0.6631199829560015 0 0.7485131182580785
		outer loop
			vertex 86.74810028076172 16 -26.70453453063965
			vertex 87.00975036621094 8 -26.472734451293945
			vertex 87.00975036621094 16 -26.472734451293945
		endloop
	endfacet
	facet normal -0.46472310818270407 0 0.8854560591700793
		outer loop
			vertex 86.43858337402344 16 -26.866981506347656
			vertex 86.43858337402344 8 -26.866981506347656
			vertex 86.74810028076172 16 -26.70453453063965
		endloop
	endfacet
	facet normal -0.2393194145699521 0 0.9709408930567791
		outer loop
			vertex 86.09918975830078 16 -26.95063591003418
			vertex 86.09918975830078 8 -26.95063591003418
			vertex 86.43858337402344 8 -26.866981506347656
		endloop
	endfacet
	facet normal -0.2393194145699521 0 0.9709408930567791
		outer loop
			vertex 86.09918975830078 16 -26.95063591003418
			vertex 86.43858337402344 8 -26.866981506347656
			vertex 86.43858337402344 16 -26.866981506347656
		endloop
	endfacet
	facet normal 0.23931434301660398 0 0.9709421430891397
		outer loop
			vertex 85.7496337890625 16 -26.95063591003418
			vertex 85.41023254394531 8 -26.866981506347656
			vertex 85.7496337890625 8 -26.95063591003418
		endloop
	endfacet
	facet normal 0 0 1
		outer loop
			vertex 85.7496337890625 16 -26.95063591003418
			vertex 85.7496337890625 8 -26.95063591003418
			vertex 86.09918975830078 8 -26.95063591003418
		endloop
	endfacet
	facet normal 0 0 1
		outer loop
			vertex 85.7496337890625 16 -26.95063591003418
			vertex 86.09918975830078 8 -26.95063591003418
			vertex 86.09918975830078 16 -26.95063591003418
		endloop
	endfacet
	facet normal 0.23931434301660398 0 0.9709421430891397
		outer loop
			vertex 85.41023254394531 16 -26.866981506347656
			vertex 85.41023254394531 8 -26.866981506347656
			vertex 85.7496337890625 16 -26.95063591003418
		endloop
	endfacet
	facet normal 0.6631199829560015 0 0.7485131182580785
		outer loop
			vertex 85.10071563720703 16 -26.70453453063965
			vertex 84.83906555175781 8 -26.472734451293945
			vertex 85.10071563720703 8 -26.70453453063965
		endloop
	endfacet
	facet normal 0.46472310818270407 0 0.8854560591700793
		outer loop
			vertex 85.10071563720703 16 -26.70453453063965
			vertex 85.10071563720703 8 -26.70453453063965
			vertex 85.41023254394531 8 -26.866981506347656
		endloop
	endfacet
	facet normal 0.46472310818270407 0 0.8854560591700793
		outer loop
			vertex 85.10071563720703 16 -26.70453453063965
			vertex 85.41023254394531 8 -26.866981506347656
			vertex 85.41023254394531 16 -26.866981506347656
		endloop
	endfacet
	facet normal 0.6631199829560015 0 0.7485131182580785
		outer loop
			vertex 84.83906555175781 16 -26.472734451293945
			vertex 84.83906555175781 8 -26.472734451293945
			vertex 85.10071563720703 16 -26.70453453063965
		endloop
	endfacet
	facet normal 0.822983026445895 0 0.568065962879273
		outer loop
			vertex 84.64049530029297 16 -26.185056686401367
			vertex 84.64049530029297 8 -26.185056686401367
			vertex 84.83906555175781 8 -26.472734451293945
		endloop
	endfacet
	facet normal 0.822983026445895 0 0.568065962879273
		outer loop
			vertex 84.64049530029297 16 -26.185056686401367
			vertex 84.83906555175781 8 -26.472734451293945
			vertex 84.83906555175781 16 -26.472734451293945
		endloop
	endfacet
	facet normal 0.9350160555019976 0 0.35460538060425084
		outer loop
			vertex 84.51654052734375 16 -25.85821533203125
			vertex 84.51654052734375 8 -25.85821533203125
			vertex 84.64049530029297 8 -26.185056686401367
		endloop
	endfacet
	facet normal 0.9350160555019976 0 0.35460538060425084
		outer loop
			vertex 84.51654052734375 16 -25.85821533203125
			vertex 84.64049530029297 8 -26.185056686401367
			vertex 84.64049530029297 16 -26.185056686401367
		endloop
	endfacet
	facet normal 0.992710535176242 0 0.12052299925781519
		outer loop
			vertex 84.47441101074219 16 -25.511207580566406
			vertex 84.47441101074219 8 -25.511207580566406
			vertex 84.51654052734375 8 -25.85821533203125
		endloop
	endfacet
	facet normal 0.992710535176242 0 0.12052299925781519
		outer loop
			vertex 84.47441101074219 16 -25.511207580566406
			vertex 84.51654052734375 8 -25.85821533203125
			vertex 84.51654052734375 16 -25.85821533203125
		endloop
	endfacet
	facet normal 0.992710535176242 0 -0.12052299925781519
		outer loop
			vertex 84.51654052734375 16 47.08580017089844
			vertex 84.47441101074219 8 46.738792419433594
			vertex 84.47441101074219 16 46.738792419433594
		endloop
	endfacet
	facet normal 0.992710535176242 0 -0.12052299925781519
		outer loop
			vertex 84.51654052734375 16 47.08580017089844
			vertex 84.51654052734375 8 47.08580017089844
			vertex 84.47441101074219 8 46.738792419433594
		endloop
	endfacet
	facet normal 0.9350153693724613 0 -0.3546071897709912
		outer loop
			vertex 84.64049530029297 16 47.41263961791992
			vertex 84.64049530029297 8 47.41263961791992
			vertex 84.51654052734375 8 47.08580017089844
		endloop
	endfacet
	facet normal 0.9350153693724613 0 -0.3546071897709912
		outer loop
			vertex 84.64049530029297 16 47.41263961791992
			vertex 84.51654052734375 8 47.08580017089844
			vertex 84.51654052734375 16 47.08580017089844
		endloop
	endfacet
	facet normal 0.8229865480160622 0 -0.5680608609863964
		outer loop
			vertex 84.83906555175781 16 47.700321197509766
			vertex 84.83906555175781 8 47.700321197509766
			vertex 84.64049530029297 8 47.41263961791992
		endloop
	endfacet
	facet normal 0.8229865480160622 0 -0.5680608609863964
		outer loop
			vertex 84.83906555175781 16 47.700321197509766
			vertex 84.64049530029297 8 47.41263961791992
			vertex 84.64049530029297 16 47.41263961791992
		endloop
	endfacet
	facet normal 0.6631138687205397 0 -0.7485185349144529
		outer loop
			vertex 85.10071563720703 16 47.9321174621582
			vertex 85.10071563720703 8 47.9321174621582
			vertex 84.83906555175781 8 47.700321197509766
		endloop
	endfacet
	facet normal 0.6631138687205397 0 -0.7485185349144529
		outer loop
			vertex 85.10071563720703 16 47.9321174621582
			vertex 84.83906555175781 8 47.700321197509766
			vertex 84.83906555175781 16 47.700321197509766
		endloop
	endfacet
	facet normal 0.4647273862252215 0 -0.8854538138673717
		outer loop
			vertex 85.41023254394531 16 48.094566345214844
			vertex 85.41023254394531 8 48.094566345214844
			vertex 85.10071563720703 8 47.9321174621582
		endloop
	endfacet
	facet normal 0.4647273862252215 0 -0.8854538138673717
		outer loop
			vertex 85.41023254394531 16 48.094566345214844
			vertex 85.10071563720703 8 47.9321174621582
			vertex 85.10071563720703 16 47.9321174621582
		endloop
	endfacet
	facet normal 0.23930919905690867 0 -0.9709434109394537
		outer loop
			vertex 85.7496337890625 16 48.178218841552734
			vertex 85.7496337890625 8 48.178218841552734
			vertex 85.41023254394531 8 48.094566345214844
		endloop
	endfacet
	facet normal 0.23930919905690867 0 -0.9709434109394537
		outer loop
			vertex 85.7496337890625 16 48.178218841552734
			vertex 85.41023254394531 8 48.094566345214844
			vertex 85.41023254394531 16 48.094566345214844
		endloop
	endfacet
	facet normal 0 0 -1
		outer loop
			vertex 86.09918975830078 16 48.178218841552734
			vertex 86.09918975830078 8 48.178218841552734
			vertex 85.7496337890625 8 48.178218841552734
		endloop
	endfacet
	facet normal 0 0 -1
		outer loop
			vertex 86.09918975830078 16 48.178218841552734
			vertex 85.7496337890625 8 48.178218841552734
			vertex 85.7496337890625 16 48.178218841552734
		endloop
	endfacet
	facet normal -0.4647273862252215 0 -0.8854538138673717
		outer loop
			vertex 86.43858337402344 16 48.094566345214844
			vertex 86.74810028076172 8 47.9321174621582
			vertex 86.43858337402344 8 48.094566345214844
		endloop
	endfacet
	facet normal -0.23931427051449086 0 -0.9709421609591979
		outer loop
			vertex 86.43858337402344 16 48.094566345214844
			vertex 86.43858337402344 8 48.094566345214844
			vertex 86.09918975830078 8 48.178218841552734
		endloop
	endfacet
	facet normal -0.23931427051449086 0 -0.9709421609591979
		outer loop
			vertex 86.43858337402344 16 48.094566345214844
			vertex 86.09918975830078 8 48.178218841552734
			vertex 86.09918975830078 16 48.178218841552734
		endloop
	endfacet
	facet normal -0.6631138687205397 0 -0.7485185349144529
		outer loop
			vertex 86.74810028076172 16 47.9321174621582
			vertex 87.00975036621094 8 47.700321197509766
			vertex 86.74810028076172 8 47.9321174621582
		endloop
	endfacet
	facet normal -0.4647273862252215 0 -0.8854538138673717
		outer loop
			vertex 86.74810028076172 16 47.9321174621582
			vertex 86.74810028076172 8 47.9321174621582
			vertex 86.43858337402344 16 48.094566345214844
		endloop
	endfacet
	facet normal -0.6631138687205397 0 -0.7485185349144529
		outer loop
			vertex 87.00975036621094 16 47.700321197509766
			vertex 87.00975036621094 8 47.700321197509766
			vertex 86.74810028076172 16 47.9321174621582
		endloop
	endfacet
	facet normal -0.8229865480160622 0 -0.5680608609863964
		outer loop
			vertex 87.20832061767578 16 47.41263961791992
			vertex 87.00975036621094 8 47.700321197509766
			vertex 87.00975036621094 16 47.700321197509766
		endloop
	endfacet
	facet normal -0.8229865480160622 0 -0.5680608609863964
		outer loop
			vertex 87.20832061767578 16 47.41263961791992
			vertex 87.20832061767578 8 47.41263961791992
			vertex 87.00975036621094 8 47.700321197509766
		endloop
	endfacet
	facet normal -0.9350153693724613 0 -0.3546071897709912
		outer loop
			vertex 87.332275390625 16 47.08580017089844
			vertex 87.20832061767578 8 47.41263961791992
			vertex 87.20832061767578 16 47.41263961791992
		endloop
	endfacet
	facet normal -0.9350153693724613 0 -0.3546071897709912
		outer loop
			vertex 87.332275390625 16 47.08580017089844
			vertex 87.332275390625 8 47.08580017089844
			vertex 87.20832061767578 8 47.41263961791992
		endloop
	endfacet
	facet normal -0.9927079235940507 0 -0.12054450810214679
		outer loop
			vertex 87.3744125366211 16 46.738792419433594
			vertex 87.332275390625 8 47.08580017089844
			vertex 87.332275390625 16 47.08580017089844
		endloop
	endfacet
	facet normal -0.9927079235940507 0 -0.12054450810214679
		outer loop
			vertex 87.3744125366211 16 46.738792419433594
			vertex 87.3744125366211 8 46.738792419433594
			vertex 87.332275390625 8 47.08580017089844
		endloop
	endfacet
	facet normal -0.9927079235940507 0 0.12054450810214679
		outer loop
			vertex 87.332275390625 16 46.39178466796875
			vertex 87.332275390625 8 46.39178466796875
			vertex 87.3744125366211 8 46.738792419433594
		endloop
	endfacet
	facet normal -0.9927079235940507 0 0.12054450810214679
		outer loop
			vertex 87.332275390625 16 46.39178466796875
			vertex 87.3744125366211 8 46.738792419433594
			vertex 87.3744125366211 16 46.738792419433594
		endloop
	endfacet
	facet normal -0.8229865480160622 0 0.5680608609863964
		outer loop
			vertex 87.20832061767578 16 46.064945220947266
			vertex 87.00975036621094 8 45.77726364135742
			vertex 87.20832061767578 8 46.064945220947266
		endloop
	endfacet
	facet normal -0.9350153693724613 0 0.3546071897709912
		outer loop
			vertex 87.20832061767578 16 46.064945220947266
			vertex 87.20832061767578 8 46.064945220947266
			vertex 87.332275390625 8 46.39178466796875
		endloop
	endfacet
	facet normal -0.9350153693724613 0 0.3546071897709912
		outer loop
			vertex 87.20832061767578 16 46.064945220947266
			vertex 87.332275390625 8 46.39178466796875
			vertex 87.332275390625 16 46.39178466796875
		endloop
	endfacet
	facet normal -0.8229865480160622 0 0.5680608609863964
		outer loop
			vertex 87.00975036621094 16 45.77726364135742
			vertex 87.00975036621094 8 45.77726364135742
			vertex 87.20832061767578 16 46.064945220947266
		endloop
	endfacet
	facet normal -0.4647273862252215 0 0.8854538138673717
		outer loop
			vertex 86.74810028076172 16 45.545467376708984
			vertex 86.43858337402344 8 45.383018493652344
			vertex 86.74810028076172 8 45.545467376708984
		endloop
	endfacet
	facet normal -0.6631138687205397 0 0.7485185349144529
		outer loop
			vertex 86.74810028076172 16 45.545467376708984
			vertex 86.74810028076172 8 45.545467376708984
			vertex 87.00975036621094 8 45.77726364135742
		endloop
	endfacet
	facet normal -0.6631138687205397 0 0.7485185349144529
		outer loop
			vertex 86.74810028076172 16 45.545467376708984
			vertex 87.00975036621094 8 45.77726364135742
			vertex 87.00975036621094 16 45.77726364135742
		endloop
	endfacet
	facet normal -0.4647273862252215 0 0.8854538138673717
		outer loop
			vertex 86.43858337402344 16 45.383018493652344
			vertex 86.43858337402344 8 45.383018493652344
			vertex 86.74810028076172 16 45.545467376708984
		endloop
	endfacet
	facet normal -0.23931427051449086 0 0.9709421609591979
		outer loop
			vertex 86.09918975830078 16 45.29936599731445
			vertex 86.09918975830078 8 45.29936599731445
			vertex 86.43858337402344 8 45.383018493652344
		endloop
	endfacet
	facet normal -0.23931427051449086 0 0.9709421609591979
		outer loop
			vertex 86.09918975830078 16 45.29936599731445
			vertex 86.43858337402344 8 45.383018493652344
			vertex 86.43858337402344 16 45.383018493652344
		endloop
	endfacet
	facet normal 0.23930919905690867 0 0.9709434109394537
		outer loop
			vertex 85.7496337890625 16 45.29936599731445
			vertex 85.41023254394531 8 45.383018493652344
			vertex 85.7496337890625 8 45.29936599731445
		endloop
	endfacet
	facet normal 0 0 1
		outer loop
			vertex 85.7496337890625 16 45.29936599731445
			vertex 85.7496337890625 8 45.29936599731445
			vertex 86.09918975830078 8 45.29936599731445
		endloop
	endfacet
	facet normal 0 0 1
		outer loop
			vertex 85.7496337890625 16 45.29936599731445
			vertex 86.09918975830078 8 45.29936599731445
			vertex 86.09918975830078 16 45.29936599731445
		endloop
	endfacet
	facet normal 0.23930919905690867 0 0.9709434109394537
		outer loop
			vertex 85.41023254394531 16 45.383018493652344
			vertex 85.41023254394531 8 45.383018493652344
			vertex 85.7496337890625 16 45.29936599731445
		endloop
	endfacet
	facet normal 0.6631138687205397 0 0.7485185349144529
		outer loop
			vertex 85.10071563720703 16 45.545467376708984
			vertex 84.83906555175781 8 45.77726364135742
			vertex 85.10071563720703 8 45.545467376708984
		endloop
	endfacet
	facet normal 0.4647273862252215 0 0.8854538138673717
		outer loop
			vertex 85.10071563720703 16 45.545467376708984
			vertex 85.10071563720703 8 45.545467376708984
			vertex 85.41023254394531 8 45.383018493652344
		endloop
	endfacet
	facet normal 0.4647273862252215 0 0.8854538138673717
		outer loop
			vertex 85.10071563720703 16 45.545467376708984
			vertex 85.41023254394531 8 45.383018493652344
			vertex 85.41023254394531 16 45.383018493652344
		endloop
	endfacet
	facet normal 0.6631138687205397 0 0.7485185349144529
		outer loop
			vertex 84.83906555175781 16 45.77726364135742
			vertex 84.83906555175781 8 45.77726364135742
			vertex 85.10071563720703 16 45.545467376708984
		endloop
	endfacet
	facet normal 0.8229865480160622 0 0.5680608609863964
		outer loop
			vertex 84.64049530029297 16 46.064945220947266
			vertex 84.64049530029297 8 46.064945220947266
			vertex 84.83906555175781 8 45.77726364135742
		endloop
	endfacet
	facet normal 0.8229865480160622 0 0.5680608609863964
		outer loop
			vertex 84.64049530029297 16 46.064945220947266
			vertex 84.83906555175781 8 45.77726364135742
			vertex 84.83906555175781 16 45.77726364135742
		endloop
	endfacet
	facet normal 0.9350153693724613 0 0.3546071897709912
		outer loop
			vertex 84.51654052734375 16 46.39178466796875
			vertex 84.51654052734375 8 46.39178466796875
			vertex 84.64049530029297 8 46.064945220947266
		endloop
	endfacet
	facet normal 0.9350153693724613 0 0.3546071897709912
		outer loop
			vertex 84.51654052734375 16 46.39178466796875
			vertex 84.64049530029297 8 46.064945220947266
			vertex 84.64049530029297 16 46.064945220947266
		endloop
	endfacet
	facet normal 0.992710535176242 0 0.12052299925781519
		outer loop
			vertex 84.47441101074219 16 46.738792419433594
			vertex 84.47441101074219 8 46.738792419433594
			vertex 84.51654052734375 8 46.39178466796875
		endloop
	endfacet
	facet normal 0.992710535176242 0 0.12052299925781519
		outer loop
			vertex 84.47441101074219 16 46.738792419433594
			vertex 84.51654052734375 8 46.39178466796875
			vertex 84.51654052734375 16 46.39178466796875
		endloop
	endfacet
	facet normal -1 0 0
		outer loop
			vertex 145.67440795898438 10 -20.511207580566406
			vertex 145.67440795898438 16 -30.511207580566406
			vertex 145.67440795898438 8 -30.511207580566406
		endloop
	endfacet
	facet normal -1 0 0
		outer loop
			vertex 145.67440795898438 10 -20.511207580566406
			vertex 145.67440795898438 8 -30.511207580566406
			vertex 145.67440795898438 8 -20.511207580566406
		endloop
	endfacet
	facet normal -1 0 0
		outer loop
			vertex 145.67440795898438 16 38.738792419433594
			vertex 145.67440795898438 10 -20.511207580566406
			vertex 145.67440795898438 10 38.738792419433594
		endloop
	endfacet
	facet normal -1 0 0
		outer loop
			vertex 145.67440795898438 16 38.738792419433594
			vertex 145.67440795898438 16 -30.511207580566406
			vertex 145.67440795898438 10 -20.511207580566406
		endloop
	endfacet
	facet normal 0 0 -1
		outer loop
			vertex 93.92440795898438 16 38.738792419433594
			vertex 145.67440795898438 10 38.738792419433594
			vertex 93.92440795898438 10 38.738792419433594
		endloop
	endfacet
	facet normal 0 0 -1
		outer loop
			vertex 93.92440795898438 16 38.738792419433594
			vertex 145.67440795898438 16 38.738792419433594
			vertex 145.67440795898438 10 38.738792419433594
		endloop
	endfacet
	facet normal 1 0 0
		outer loop
			vertex 93.92440795898438 16 -17.511207580566406
			vertex 93.92440795898438 10 38.738792419433594
			vertex 93.92440795898438 10 -17.511207580566406
		endloop
	endfacet
	facet normal 1 0 0
		outer loop
			vertex 93.92440795898438 16 -17.511207580566406
			vertex 93.92440795898438 16 38.738792419433594
			vertex 93.92440795898438 10 38.738792419433594
		endloop
	endfacet
endsolid exported
